run_id,step_id,step_order,app,action,status,duration_ms,error_category,error_message
run_wf_invoice_sync_20260201T004204Z_0014,s1_get_invoice,1,Stripe,get_invoice,success,213,,
run_wf_invoice_sync_20260201T004204Z_0014,s2_create_entry,2,QuickBooks,create_invoice,success,412,,
run_wf_invoice_sync_20260201T004204Z_0014,s3_notify,3,Slack,send_message,success,1214,,
run_wf_lead_sync_20260201T034730Z_0065,s1_get_contact,1,HubSpot,get_contact,success,264,,
run_wf_lead_sync_20260201T034730Z_0065,s2_transform,2,Code,run_python,success,364,,
run_wf_lead_sync_20260201T034730Z_0065,s3_push_to_sf,3,Salesforce,create_lead,success,318,,
run_wf_lead_sync_20260201T034730Z_0065,s4_notify,4,Slack,send_message,success,1281,,
run_wf_lead_sync_20260201T045509Z_0036,s1_get_contact,1,HubSpot,get_contact,success,503,,
run_wf_lead_sync_20260201T045509Z_0036,s2_transform,2,Code,run_python,failed,302,BAD_INPUT,Transient bad_input error
run_wf_lead_sync_20260201T045509Z_0036,s3_push_to_sf,3,Salesforce,create_lead,skipped,0,,
run_wf_lead_sync_20260201T045509Z_0036,s4_notify,4,Slack,send_message,skipped,0,,
run_wf_lead_sync_20260201T050058Z_0072,s1_get_contact,1,HubSpot,get_contact,success,417,,
run_wf_lead_sync_20260201T050058Z_0072,s2_transform,2,Code,run_python,success,594,,
run_wf_lead_sync_20260201T050058Z_0072,s3_push_to_sf,3,Salesforce,create_lead,success,440,,
run_wf_lead_sync_20260201T050058Z_0072,s4_notify,4,Slack,send_message,success,741,,
run_wf_shopify_orders_20260201T063449Z_0137,s1_get_order,1,Shopify,get_order,success,987,,
run_wf_shopify_orders_20260201T063449Z_0137,s2_validate,2,Code,run_python,success,396,,
run_wf_shopify_orders_20260201T063449Z_0137,s3_create_invoice,3,QuickBooks,create_invoice,failed,346,BAD_INPUT,Transient bad_input error
run_wf_shopify_orders_20260201T063449Z_0137,s4_update_inventory,4,Shopify,update_product,skipped,0,,
run_wf_shopify_orders_20260201T063449Z_0137,s5_notify_warehouse,5,Slack,send_message,skipped,0,,
run_wf_shopify_orders_20260201T063449Z_0137,s6_update_crm,6,Salesforce,update_record,skipped,0,,
run_wf_shopify_orders_20260201T063449Z_0137,s7_log,7,Google Sheets,add_row,skipped,0,,
run_wf_shopify_orders_20260201T063640Z_0042,s1_get_order,1,Shopify,get_order,success,1663,,
run_wf_shopify_orders_20260201T063640Z_0042,s2_validate,2,Code,run_python,success,818,,
run_wf_shopify_orders_20260201T063640Z_0042,s3_create_invoice,3,QuickBooks,create_invoice,success,218,,
run_wf_shopify_orders_20260201T063640Z_0042,s4_update_inventory,4,Shopify,update_product,success,375,,
run_wf_shopify_orders_20260201T063640Z_0042,s5_notify_warehouse,5,Slack,send_message,success,367,,
run_wf_shopify_orders_20260201T063640Z_0042,s6_update_crm,6,Salesforce,update_record,success,87,,
run_wf_shopify_orders_20260201T063640Z_0042,s7_log,7,Google Sheets,add_row,success,668,,
run_wf_shopify_orders_20260201T063757Z_0085,s1_get_order,1,Shopify,get_order,success,543,,
run_wf_shopify_orders_20260201T063757Z_0085,s2_validate,2,Code,run_python,failed,359,TIMEOUT,Transient timeout error
run_wf_shopify_orders_20260201T063757Z_0085,s3_create_invoice,3,QuickBooks,create_invoice,skipped,0,,
run_wf_shopify_orders_20260201T063757Z_0085,s4_update_inventory,4,Shopify,update_product,skipped,0,,
run_wf_shopify_orders_20260201T063757Z_0085,s5_notify_warehouse,5,Slack,send_message,skipped,0,,
run_wf_shopify_orders_20260201T063757Z_0085,s6_update_crm,6,Salesforce,update_record,skipped,0,,
run_wf_shopify_orders_20260201T063757Z_0085,s7_log,7,Google Sheets,add_row,skipped,0,,
run_wf_support_router_20260201T073740Z_0013,s1_receive_ticket,1,Zendesk,get_ticket,success,194,,
run_wf_support_router_20260201T073740Z_0013,s2_classify,2,Code,run_python,success,282,,
run_wf_support_router_20260201T073740Z_0013,s3_route_slack,3,Slack,send_message,success,356,,
run_wf_support_router_20260201T073740Z_0013,s4_create_task,4,Asana,create_task,success,186,,
run_wf_support_router_20260201T073740Z_0013,s5_log_sheet,5,Google Sheets,add_row,success,517,,
run_wf_shopify_orders_20260201T074937Z_0010,s1_get_order,1,Shopify,get_order,success,652,,
run_wf_shopify_orders_20260201T074937Z_0010,s2_validate,2,Code,run_python,success,262,,
run_wf_shopify_orders_20260201T074937Z_0010,s3_create_invoice,3,QuickBooks,create_invoice,success,574,,
run_wf_shopify_orders_20260201T074937Z_0010,s4_update_inventory,4,Shopify,update_product,success,228,,
run_wf_shopify_orders_20260201T074937Z_0010,s5_notify_warehouse,5,Slack,send_message,success,371,,
run_wf_shopify_orders_20260201T074937Z_0010,s6_update_crm,6,Salesforce,update_record,success,146,,
run_wf_shopify_orders_20260201T074937Z_0010,s7_log,7,Google Sheets,add_row,success,709,,
run_wf_shopify_orders_20260201T081708Z_0145,s1_get_order,1,Shopify,get_order,success,903,,
run_wf_shopify_orders_20260201T081708Z_0145,s2_validate,2,Code,run_python,success,359,,
run_wf_shopify_orders_20260201T081708Z_0145,s3_create_invoice,3,QuickBooks,create_invoice,success,467,,
run_wf_shopify_orders_20260201T081708Z_0145,s4_update_inventory,4,Shopify,update_product,success,298,,
run_wf_shopify_orders_20260201T081708Z_0145,s5_notify_warehouse,5,Slack,send_message,success,147,,
run_wf_shopify_orders_20260201T081708Z_0145,s6_update_crm,6,Salesforce,update_record,success,246,,
run_wf_shopify_orders_20260201T081708Z_0145,s7_log,7,Google Sheets,add_row,success,585,,
run_wf_support_router_20260201T090913Z_0026,s1_receive_ticket,1,Zendesk,get_ticket,success,588,,
run_wf_support_router_20260201T090913Z_0026,s2_classify,2,Code,run_python,success,151,,
run_wf_support_router_20260201T090913Z_0026,s3_route_slack,3,Slack,send_message,failed,95,INTERNAL,Transient internal error
run_wf_support_router_20260201T090913Z_0026,s4_create_task,4,Asana,create_task,skipped,0,,
run_wf_support_router_20260201T090913Z_0026,s5_log_sheet,5,Google Sheets,add_row,skipped,0,,
run_wf_support_router_20260201T093751Z_0007,s1_receive_ticket,1,Zendesk,get_ticket,success,320,,
run_wf_support_router_20260201T093751Z_0007,s2_classify,2,Code,run_python,success,272,,
run_wf_support_router_20260201T093751Z_0007,s3_route_slack,3,Slack,send_message,success,246,,
run_wf_support_router_20260201T093751Z_0007,s4_create_task,4,Asana,create_task,success,165,,
run_wf_support_router_20260201T093751Z_0007,s5_log_sheet,5,Google Sheets,add_row,success,337,,
run_wf_shopify_returns_20260201T105001Z_0013,s1_get_refund,1,Shopify,get_refund,success,325,,
run_wf_shopify_returns_20260201T105001Z_0013,s2_process,2,Code,run_python,success,407,,
run_wf_shopify_returns_20260201T105001Z_0013,s3_update_inventory,3,Shopify,update_product,success,507,,
run_wf_shopify_returns_20260201T105001Z_0013,s4_notify,4,Slack,send_message,success,994,,
run_wf_shopify_orders_20260201T115522Z_0115,s1_get_order,1,Shopify,get_order,success,474,,
run_wf_shopify_orders_20260201T115522Z_0115,s2_validate,2,Code,run_python,success,1071,,
run_wf_shopify_orders_20260201T115522Z_0115,s3_create_invoice,3,QuickBooks,create_invoice,success,305,,
run_wf_shopify_orders_20260201T115522Z_0115,s4_update_inventory,4,Shopify,update_product,success,245,,
run_wf_shopify_orders_20260201T115522Z_0115,s5_notify_warehouse,5,Slack,send_message,failed,311,INTERNAL,Transient internal error
run_wf_shopify_orders_20260201T115522Z_0115,s6_update_crm,6,Salesforce,update_record,skipped,0,,
run_wf_shopify_orders_20260201T115522Z_0115,s7_log,7,Google Sheets,add_row,skipped,0,,
run_wf_shopify_orders_20260201T131114Z_0023,s1_get_order,1,Shopify,get_order,success,1102,,
run_wf_shopify_orders_20260201T131114Z_0023,s2_validate,2,Code,run_python,success,384,,
run_wf_shopify_orders_20260201T131114Z_0023,s3_create_invoice,3,QuickBooks,create_invoice,success,541,,
run_wf_shopify_orders_20260201T131114Z_0023,s4_update_inventory,4,Shopify,update_product,success,137,,
run_wf_shopify_orders_20260201T131114Z_0023,s5_notify_warehouse,5,Slack,send_message,success,185,,
run_wf_shopify_orders_20260201T131114Z_0023,s6_update_crm,6,Salesforce,update_record,success,215,,
run_wf_shopify_orders_20260201T131114Z_0023,s7_log,7,Google Sheets,add_row,success,449,,
run_wf_shopify_orders_20260201T144211Z_0079,s1_get_order,1,Shopify,get_order,success,633,,
run_wf_shopify_orders_20260201T144211Z_0079,s2_validate,2,Code,run_python,success,530,,
run_wf_shopify_orders_20260201T144211Z_0079,s3_create_invoice,3,QuickBooks,create_invoice,success,257,,
run_wf_shopify_orders_20260201T144211Z_0079,s4_update_inventory,4,Shopify,update_product,success,286,,
run_wf_shopify_orders_20260201T144211Z_0079,s5_notify_warehouse,5,Slack,send_message,success,519,,
run_wf_shopify_orders_20260201T144211Z_0079,s6_update_crm,6,Salesforce,update_record,success,240,,
run_wf_shopify_orders_20260201T144211Z_0079,s7_log,7,Google Sheets,add_row,success,670,,
run_wf_lead_sync_20260201T144224Z_0087,s1_get_contact,1,HubSpot,get_contact,success,254,,
run_wf_lead_sync_20260201T144224Z_0087,s2_transform,2,Code,run_python,success,315,,
run_wf_lead_sync_20260201T144224Z_0087,s3_push_to_sf,3,Salesforce,create_lead,success,226,,
run_wf_lead_sync_20260201T144224Z_0087,s4_notify,4,Slack,send_message,success,1221,,
run_wf_shopify_orders_20260201T151113Z_0005,s1_get_order,1,Shopify,get_order,success,338,,
run_wf_shopify_orders_20260201T151113Z_0005,s2_validate,2,Code,run_python,success,482,,
run_wf_shopify_orders_20260201T151113Z_0005,s3_create_invoice,3,QuickBooks,create_invoice,success,347,,
run_wf_shopify_orders_20260201T151113Z_0005,s4_update_inventory,4,Shopify,update_product,failed,475,BAD_INPUT,Transient bad_input error
run_wf_shopify_orders_20260201T151113Z_0005,s5_notify_warehouse,5,Slack,send_message,skipped,0,,
run_wf_shopify_orders_20260201T151113Z_0005,s6_update_crm,6,Salesforce,update_record,skipped,0,,
run_wf_shopify_orders_20260201T151113Z_0005,s7_log,7,Google Sheets,add_row,skipped,0,,
run_wf_shopify_orders_20260201T153307Z_0038,s1_get_order,1,Shopify,get_order,success,900,,
run_wf_shopify_orders_20260201T153307Z_0038,s2_validate,2,Code,run_python,success,470,,
run_wf_shopify_orders_20260201T153307Z_0038,s3_create_invoice,3,QuickBooks,create_invoice,success,365,,
run_wf_shopify_orders_20260201T153307Z_0038,s4_update_inventory,4,Shopify,update_product,success,463,,
run_wf_shopify_orders_20260201T153307Z_0038,s5_notify_warehouse,5,Slack,send_message,success,500,,
run_wf_shopify_orders_20260201T153307Z_0038,s6_update_crm,6,Salesforce,update_record,success,564,,
run_wf_shopify_orders_20260201T153307Z_0038,s7_log,7,Google Sheets,add_row,success,1043,,
run_wf_shopify_orders_20260201T154445Z_0124,s1_get_order,1,Shopify,get_order,success,403,,
run_wf_shopify_orders_20260201T154445Z_0124,s2_validate,2,Code,run_python,success,631,,
run_wf_shopify_orders_20260201T154445Z_0124,s3_create_invoice,3,QuickBooks,create_invoice,success,362,,
run_wf_shopify_orders_20260201T154445Z_0124,s4_update_inventory,4,Shopify,update_product,success,473,,
run_wf_shopify_orders_20260201T154445Z_0124,s5_notify_warehouse,5,Slack,send_message,success,255,,
run_wf_shopify_orders_20260201T154445Z_0124,s6_update_crm,6,Salesforce,update_record,success,81,,
run_wf_shopify_orders_20260201T154445Z_0124,s7_log,7,Google Sheets,add_row,success,415,,
run_wf_invoice_sync_20260201T161209Z_0007,s1_get_invoice,1,Stripe,get_invoice,success,227,,
run_wf_invoice_sync_20260201T161209Z_0007,s2_create_entry,2,QuickBooks,create_invoice,success,452,,
run_wf_invoice_sync_20260201T161209Z_0007,s3_notify,3,Slack,send_message,success,1171,,
run_wf_support_router_20260201T162118Z_0004,s1_receive_ticket,1,Zendesk,get_ticket,success,117,,
run_wf_support_router_20260201T162118Z_0004,s2_classify,2,Code,run_python,success,156,,
run_wf_support_router_20260201T162118Z_0004,s3_route_slack,3,Slack,send_message,failed,153,UNKNOWN,Transient unknown error
run_wf_support_router_20260201T162118Z_0004,s4_create_task,4,Asana,create_task,skipped,0,,
run_wf_support_router_20260201T162118Z_0004,s5_log_sheet,5,Google Sheets,add_row,skipped,0,,
run_wf_shopify_orders_20260201T163813Z_0055,s1_get_order,1,Shopify,get_order,success,682,,
run_wf_shopify_orders_20260201T163813Z_0055,s2_validate,2,Code,run_python,success,404,,
run_wf_shopify_orders_20260201T163813Z_0055,s3_create_invoice,3,QuickBooks,create_invoice,success,417,,
run_wf_shopify_orders_20260201T163813Z_0055,s4_update_inventory,4,Shopify,update_product,failed,533,UNKNOWN,Transient unknown error
run_wf_shopify_orders_20260201T163813Z_0055,s5_notify_warehouse,5,Slack,send_message,skipped,0,,
run_wf_shopify_orders_20260201T163813Z_0055,s6_update_crm,6,Salesforce,update_record,skipped,0,,
run_wf_shopify_orders_20260201T163813Z_0055,s7_log,7,Google Sheets,add_row,skipped,0,,
run_wf_shopify_orders_20260201T174431Z_0121,s1_get_order,1,Shopify,get_order,success,1470,,
run_wf_shopify_orders_20260201T174431Z_0121,s2_validate,2,Code,run_python,success,525,,
run_wf_shopify_orders_20260201T174431Z_0121,s3_create_invoice,3,QuickBooks,create_invoice,success,653,,
run_wf_shopify_orders_20260201T174431Z_0121,s4_update_inventory,4,Shopify,update_product,success,480,,
run_wf_shopify_orders_20260201T174431Z_0121,s5_notify_warehouse,5,Slack,send_message,success,269,,
run_wf_shopify_orders_20260201T174431Z_0121,s6_update_crm,6,Salesforce,update_record,success,141,,
run_wf_shopify_orders_20260201T174431Z_0121,s7_log,7,Google Sheets,add_row,success,472,,
run_wf_lead_sync_20260201T174550Z_0047,s1_get_contact,1,HubSpot,get_contact,success,488,,
run_wf_lead_sync_20260201T174550Z_0047,s2_transform,2,Code,run_python,success,191,,
run_wf_lead_sync_20260201T174550Z_0047,s3_push_to_sf,3,Salesforce,create_lead,success,165,,
run_wf_lead_sync_20260201T174550Z_0047,s4_notify,4,Slack,send_message,success,1202,,
run_wf_shopify_returns_20260201T192108Z_0026,s1_get_refund,1,Shopify,get_refund,success,544,,
run_wf_shopify_returns_20260201T192108Z_0026,s2_process,2,Code,run_python,success,537,,
run_wf_shopify_returns_20260201T192108Z_0026,s3_update_inventory,3,Shopify,update_product,success,344,,
run_wf_shopify_returns_20260201T192108Z_0026,s4_notify,4,Slack,send_message,success,1577,,
run_wf_support_router_20260201T193958Z_0123,s1_receive_ticket,1,Zendesk,get_ticket,success,155,,
run_wf_support_router_20260201T193958Z_0123,s2_classify,2,Code,run_python,success,377,,
run_wf_support_router_20260201T193958Z_0123,s3_route_slack,3,Slack,send_message,success,282,,
run_wf_support_router_20260201T193958Z_0123,s4_create_task,4,Asana,create_task,success,94,,
run_wf_support_router_20260201T193958Z_0123,s5_log_sheet,5,Google Sheets,add_row,success,384,,
run_wf_shopify_orders_20260201T201604Z_0020,s1_get_order,1,Shopify,get_order,success,616,,
run_wf_shopify_orders_20260201T201604Z_0020,s2_validate,2,Code,run_python,success,441,,
run_wf_shopify_orders_20260201T201604Z_0020,s3_create_invoice,3,QuickBooks,create_invoice,success,448,,
run_wf_shopify_orders_20260201T201604Z_0020,s4_update_inventory,4,Shopify,update_product,success,514,,
run_wf_shopify_orders_20260201T201604Z_0020,s5_notify_warehouse,5,Slack,send_message,success,91,,
run_wf_shopify_orders_20260201T201604Z_0020,s6_update_crm,6,Salesforce,update_record,success,283,,
run_wf_shopify_orders_20260201T201604Z_0020,s7_log,7,Google Sheets,add_row,failed,536,BAD_INPUT,Transient bad_input error
run_wf_shopify_orders_20260201T203549Z_0027,s1_get_order,1,Shopify,get_order,success,1280,,
run_wf_shopify_orders_20260201T203549Z_0027,s2_validate,2,Code,run_python,success,362,,
run_wf_shopify_orders_20260201T203549Z_0027,s3_create_invoice,3,QuickBooks,create_invoice,success,194,,
run_wf_shopify_orders_20260201T203549Z_0027,s4_update_inventory,4,Shopify,update_product,success,500,,
run_wf_shopify_orders_20260201T203549Z_0027,s5_notify_warehouse,5,Slack,send_message,success,191,,
run_wf_shopify_orders_20260201T203549Z_0027,s6_update_crm,6,Salesforce,update_record,success,234,,
run_wf_shopify_orders_20260201T203549Z_0027,s7_log,7,Google Sheets,add_row,success,523,,
run_wf_support_router_20260201T211503Z_0064,s1_receive_ticket,1,Zendesk,get_ticket,success,283,,
run_wf_support_router_20260201T211503Z_0064,s2_classify,2,Code,run_python,success,179,,
run_wf_support_router_20260201T211503Z_0064,s3_route_slack,3,Slack,send_message,success,175,,
run_wf_support_router_20260201T211503Z_0064,s4_create_task,4,Asana,create_task,success,144,,
run_wf_support_router_20260201T211503Z_0064,s5_log_sheet,5,Google Sheets,add_row,success,227,,
run_wf_support_router_20260201T220417Z_0096,s1_receive_ticket,1,Zendesk,get_ticket,success,369,,
run_wf_support_router_20260201T220417Z_0096,s2_classify,2,Code,run_python,success,327,,
run_wf_support_router_20260201T220417Z_0096,s3_route_slack,3,Slack,send_message,success,197,,
run_wf_support_router_20260201T220417Z_0096,s4_create_task,4,Asana,create_task,success,50,,
run_wf_support_router_20260201T220417Z_0096,s5_log_sheet,5,Google Sheets,add_row,success,375,,
run_wf_shopify_orders_20260201T225326Z_0087,s1_get_order,1,Shopify,get_order,success,769,,
run_wf_shopify_orders_20260201T225326Z_0087,s2_validate,2,Code,run_python,success,546,,
run_wf_shopify_orders_20260201T225326Z_0087,s3_create_invoice,3,QuickBooks,create_invoice,success,311,,
run_wf_shopify_orders_20260201T225326Z_0087,s4_update_inventory,4,Shopify,update_product,success,703,,
run_wf_shopify_orders_20260201T225326Z_0087,s5_notify_warehouse,5,Slack,send_message,success,585,,
run_wf_shopify_orders_20260201T225326Z_0087,s6_update_crm,6,Salesforce,update_record,success,319,,
run_wf_shopify_orders_20260201T225326Z_0087,s7_log,7,Google Sheets,add_row,success,1085,,
run_wf_support_router_20260201T234837Z_0071,s1_receive_ticket,1,Zendesk,get_ticket,success,370,,
run_wf_support_router_20260201T234837Z_0071,s2_classify,2,Code,run_python,success,360,,
run_wf_support_router_20260201T234837Z_0071,s3_route_slack,3,Slack,send_message,success,96,,
run_wf_support_router_20260201T234837Z_0071,s4_create_task,4,Asana,create_task,success,171,,
run_wf_support_router_20260201T234837Z_0071,s5_log_sheet,5,Google Sheets,add_row,success,316,,
run_wf_lead_sync_20260202T001123Z_0007,s1_get_contact,1,HubSpot,get_contact,success,144,,
run_wf_lead_sync_20260202T001123Z_0007,s2_transform,2,Code,run_python,success,107,,
run_wf_lead_sync_20260202T001123Z_0007,s3_push_to_sf,3,Salesforce,create_lead,success,201,,
run_wf_lead_sync_20260202T001123Z_0007,s4_notify,4,Slack,send_message,success,455,,
run_wf_support_router_20260202T010314Z_0104,s1_receive_ticket,1,Zendesk,get_ticket,success,270,,
run_wf_support_router_20260202T010314Z_0104,s2_classify,2,Code,run_python,success,132,,
run_wf_support_router_20260202T010314Z_0104,s3_route_slack,3,Slack,send_message,success,135,,
run_wf_support_router_20260202T010314Z_0104,s4_create_task,4,Asana,create_task,success,155,,
run_wf_support_router_20260202T010314Z_0104,s5_log_sheet,5,Google Sheets,add_row,success,402,,
run_wf_shopify_orders_20260202T022819Z_0159,s1_get_order,1,Shopify,get_order,success,803,,
run_wf_shopify_orders_20260202T022819Z_0159,s2_validate,2,Code,run_python,success,699,,
run_wf_shopify_orders_20260202T022819Z_0159,s3_create_invoice,3,QuickBooks,create_invoice,success,771,,
run_wf_shopify_orders_20260202T022819Z_0159,s4_update_inventory,4,Shopify,update_product,success,585,,
run_wf_shopify_orders_20260202T022819Z_0159,s5_notify_warehouse,5,Slack,send_message,success,324,,
run_wf_shopify_orders_20260202T022819Z_0159,s6_update_crm,6,Salesforce,update_record,success,157,,
run_wf_shopify_orders_20260202T022819Z_0159,s7_log,7,Google Sheets,add_row,success,543,,
run_wf_shopify_orders_20260202T024129Z_0033,s1_get_order,1,Shopify,get_order,success,1221,,
run_wf_shopify_orders_20260202T024129Z_0033,s2_validate,2,Code,run_python,success,467,,
run_wf_shopify_orders_20260202T024129Z_0033,s3_create_invoice,3,QuickBooks,create_invoice,success,505,,
run_wf_shopify_orders_20260202T024129Z_0033,s4_update_inventory,4,Shopify,update_product,success,649,,
run_wf_shopify_orders_20260202T024129Z_0033,s5_notify_warehouse,5,Slack,send_message,failed,249,UNKNOWN,Transient unknown error
run_wf_shopify_orders_20260202T024129Z_0033,s6_update_crm,6,Salesforce,update_record,skipped,0,,
run_wf_shopify_orders_20260202T024129Z_0033,s7_log,7,Google Sheets,add_row,skipped,0,,
run_wf_support_router_20260202T034406Z_0047,s1_receive_ticket,1,Zendesk,get_ticket,success,175,,
run_wf_support_router_20260202T034406Z_0047,s2_classify,2,Code,run_python,success,198,,
run_wf_support_router_20260202T034406Z_0047,s3_route_slack,3,Slack,send_message,success,323,,
run_wf_support_router_20260202T034406Z_0047,s4_create_task,4,Asana,create_task,success,265,,
run_wf_support_router_20260202T034406Z_0047,s5_log_sheet,5,Google Sheets,add_row,success,457,,
run_wf_shopify_orders_20260202T083736Z_0090,s1_get_order,1,Shopify,get_order,success,664,,
run_wf_shopify_orders_20260202T083736Z_0090,s2_validate,2,Code,run_python,success,493,,
run_wf_shopify_orders_20260202T083736Z_0090,s3_create_invoice,3,QuickBooks,create_invoice,success,337,,
run_wf_shopify_orders_20260202T083736Z_0090,s4_update_inventory,4,Shopify,update_product,success,588,,
run_wf_shopify_orders_20260202T083736Z_0090,s5_notify_warehouse,5,Slack,send_message,success,612,,
run_wf_shopify_orders_20260202T083736Z_0090,s6_update_crm,6,Salesforce,update_record,success,356,,
run_wf_shopify_orders_20260202T083736Z_0090,s7_log,7,Google Sheets,add_row,failed,702,INTERNAL,Transient internal error
run_wf_support_router_20260202T084245Z_0081,s1_receive_ticket,1,Zendesk,get_ticket,failed,392,TIMEOUT,Transient timeout error
run_wf_support_router_20260202T084245Z_0081,s2_classify,2,Code,run_python,skipped,0,,
run_wf_support_router_20260202T084245Z_0081,s3_route_slack,3,Slack,send_message,skipped,0,,
run_wf_support_router_20260202T084245Z_0081,s4_create_task,4,Asana,create_task,skipped,0,,
run_wf_support_router_20260202T084245Z_0081,s5_log_sheet,5,Google Sheets,add_row,skipped,0,,
run_wf_shopify_orders_20260202T090409Z_0136,s1_get_order,1,Shopify,get_order,success,320,,
run_wf_shopify_orders_20260202T090409Z_0136,s2_validate,2,Code,run_python,success,753,,
run_wf_shopify_orders_20260202T090409Z_0136,s3_create_invoice,3,QuickBooks,create_invoice,success,171,,
run_wf_shopify_orders_20260202T090409Z_0136,s4_update_inventory,4,Shopify,update_product,failed,211,BAD_INPUT,Transient bad_input error
run_wf_shopify_orders_20260202T090409Z_0136,s5_notify_warehouse,5,Slack,send_message,skipped,0,,
run_wf_shopify_orders_20260202T090409Z_0136,s6_update_crm,6,Salesforce,update_record,skipped,0,,
run_wf_shopify_orders_20260202T090409Z_0136,s7_log,7,Google Sheets,add_row,skipped,0,,
run_wf_shopify_orders_20260202T092153Z_0039,s1_get_order,1,Shopify,get_order,success,1635,,
run_wf_shopify_orders_20260202T092153Z_0039,s2_validate,2,Code,run_python,success,1009,,
run_wf_shopify_orders_20260202T092153Z_0039,s3_create_invoice,3,QuickBooks,create_invoice,success,492,,
run_wf_shopify_orders_20260202T092153Z_0039,s4_update_inventory,4,Shopify,update_product,success,533,,
run_wf_shopify_orders_20260202T092153Z_0039,s5_notify_warehouse,5,Slack,send_message,success,265,,
run_wf_shopify_orders_20260202T092153Z_0039,s6_update_crm,6,Salesforce,update_record,success,189,,
run_wf_shopify_orders_20260202T092153Z_0039,s7_log,7,Google Sheets,add_row,success,481,,
run_wf_support_router_20260202T104456Z_0114,s1_receive_ticket,1,Zendesk,get_ticket,success,265,,
run_wf_support_router_20260202T104456Z_0114,s2_classify,2,Code,run_python,success,243,,
run_wf_support_router_20260202T104456Z_0114,s3_route_slack,3,Slack,send_message,failed,124,UNKNOWN,Transient unknown error
run_wf_support_router_20260202T104456Z_0114,s4_create_task,4,Asana,create_task,skipped,0,,
run_wf_support_router_20260202T104456Z_0114,s5_log_sheet,5,Google Sheets,add_row,skipped,0,,
run_wf_lead_sync_20260202T110228Z_0024,s1_get_contact,1,HubSpot,get_contact,success,721,,
run_wf_lead_sync_20260202T110228Z_0024,s2_transform,2,Code,run_python,success,167,,
run_wf_lead_sync_20260202T110228Z_0024,s3_push_to_sf,3,Salesforce,create_lead,success,272,,
run_wf_lead_sync_20260202T110228Z_0024,s4_notify,4,Slack,send_message,success,897,,
run_wf_shopify_orders_20260202T111659Z_0185,s1_get_order,1,Shopify,get_order,success,989,,
run_wf_shopify_orders_20260202T111659Z_0185,s2_validate,2,Code,run_python,failed,724,INTERNAL,Transient internal error
run_wf_shopify_orders_20260202T111659Z_0185,s3_create_invoice,3,QuickBooks,create_invoice,skipped,0,,
run_wf_shopify_orders_20260202T111659Z_0185,s4_update_inventory,4,Shopify,update_product,skipped,0,,
run_wf_shopify_orders_20260202T111659Z_0185,s5_notify_warehouse,5,Slack,send_message,skipped,0,,
run_wf_shopify_orders_20260202T111659Z_0185,s6_update_crm,6,Salesforce,update_record,skipped,0,,
run_wf_shopify_orders_20260202T111659Z_0185,s7_log,7,Google Sheets,add_row,skipped,0,,
run_wf_support_router_20260202T124825Z_0003,s1_receive_ticket,1,Zendesk,get_ticket,success,318,,
run_wf_support_router_20260202T124825Z_0003,s2_classify,2,Code,run_python,success,186,,
run_wf_support_router_20260202T124825Z_0003,s3_route_slack,3,Slack,send_message,success,186,,
run_wf_support_router_20260202T124825Z_0003,s4_create_task,4,Asana,create_task,success,55,,
run_wf_support_router_20260202T124825Z_0003,s5_log_sheet,5,Google Sheets,add_row,success,383,,
run_wf_shopify_orders_20260202T135246Z_0031,s1_get_order,1,Shopify,get_order,success,1001,,
run_wf_shopify_orders_20260202T135246Z_0031,s2_validate,2,Code,run_python,success,750,,
run_wf_shopify_orders_20260202T135246Z_0031,s3_create_invoice,3,QuickBooks,create_invoice,success,632,,
run_wf_shopify_orders_20260202T135246Z_0031,s4_update_inventory,4,Shopify,update_product,success,214,,
run_wf_shopify_orders_20260202T135246Z_0031,s5_notify_warehouse,5,Slack,send_message,success,404,,
run_wf_shopify_orders_20260202T135246Z_0031,s6_update_crm,6,Salesforce,update_record,success,217,,
run_wf_shopify_orders_20260202T135246Z_0031,s7_log,7,Google Sheets,add_row,failed,565,UNKNOWN,Transient unknown error
run_wf_shopify_orders_20260202T142354Z_0010,s1_get_order,1,Shopify,get_order,success,582,,
run_wf_shopify_orders_20260202T142354Z_0010,s2_validate,2,Code,run_python,success,1403,,
run_wf_shopify_orders_20260202T142354Z_0010,s3_create_invoice,3,QuickBooks,create_invoice,success,1036,,
run_wf_shopify_orders_20260202T142354Z_0010,s4_update_inventory,4,Shopify,update_product,success,502,,
run_wf_shopify_orders_20260202T142354Z_0010,s5_notify_warehouse,5,Slack,send_message,success,247,,
run_wf_shopify_orders_20260202T142354Z_0010,s6_update_crm,6,Salesforce,update_record,success,241,,
run_wf_shopify_orders_20260202T142354Z_0010,s7_log,7,Google Sheets,add_row,success,643,,
run_wf_support_router_20260202T145203Z_0072,s1_receive_ticket,1,Zendesk,get_ticket,success,322,,
run_wf_support_router_20260202T145203Z_0072,s2_classify,2,Code,run_python,success,385,,
run_wf_support_router_20260202T145203Z_0072,s3_route_slack,3,Slack,send_message,success,96,,
run_wf_support_router_20260202T145203Z_0072,s4_create_task,4,Asana,create_task,success,162,,
run_wf_support_router_20260202T145203Z_0072,s5_log_sheet,5,Google Sheets,add_row,success,407,,
run_wf_invoice_sync_20260202T163922Z_0017,s1_get_invoice,1,Stripe,get_invoice,success,247,,
run_wf_invoice_sync_20260202T163922Z_0017,s2_create_entry,2,QuickBooks,create_invoice,success,564,,
run_wf_invoice_sync_20260202T163922Z_0017,s3_notify,3,Slack,send_message,success,986,,
run_wf_shopify_orders_20260202T170114Z_0212,s1_get_order,1,Shopify,get_order,success,664,,
run_wf_shopify_orders_20260202T170114Z_0212,s2_validate,2,Code,run_python,success,700,,
run_wf_shopify_orders_20260202T170114Z_0212,s3_create_invoice,3,QuickBooks,create_invoice,success,1165,,
run_wf_shopify_orders_20260202T170114Z_0212,s4_update_inventory,4,Shopify,update_product,success,706,,
run_wf_shopify_orders_20260202T170114Z_0212,s5_notify_warehouse,5,Slack,send_message,success,255,,
run_wf_shopify_orders_20260202T170114Z_0212,s6_update_crm,6,Salesforce,update_record,success,206,,
run_wf_shopify_orders_20260202T170114Z_0212,s7_log,7,Google Sheets,add_row,success,992,,
run_wf_invoice_sync_20260202T171152Z_0009,s1_get_invoice,1,Stripe,get_invoice,success,651,,
run_wf_invoice_sync_20260202T171152Z_0009,s2_create_entry,2,QuickBooks,create_invoice,success,374,,
run_wf_invoice_sync_20260202T171152Z_0009,s3_notify,3,Slack,send_message,success,938,,
run_wf_shopify_orders_20260202T174712Z_0207,s1_get_order,1,Shopify,get_order,success,1105,,
run_wf_shopify_orders_20260202T174712Z_0207,s2_validate,2,Code,run_python,success,405,,
run_wf_shopify_orders_20260202T174712Z_0207,s3_create_invoice,3,QuickBooks,create_invoice,success,419,,
run_wf_shopify_orders_20260202T174712Z_0207,s4_update_inventory,4,Shopify,update_product,success,556,,
run_wf_shopify_orders_20260202T174712Z_0207,s5_notify_warehouse,5,Slack,send_message,success,133,,
run_wf_shopify_orders_20260202T174712Z_0207,s6_update_crm,6,Salesforce,update_record,success,394,,
run_wf_shopify_orders_20260202T174712Z_0207,s7_log,7,Google Sheets,add_row,success,734,,
run_wf_shopify_orders_20260202T175939Z_0126,s1_get_order,1,Shopify,get_order,success,692,,
run_wf_shopify_orders_20260202T175939Z_0126,s2_validate,2,Code,run_python,success,727,,
run_wf_shopify_orders_20260202T175939Z_0126,s3_create_invoice,3,QuickBooks,create_invoice,failed,910,TIMEOUT,Transient timeout error
run_wf_shopify_orders_20260202T175939Z_0126,s4_update_inventory,4,Shopify,update_product,skipped,0,,
run_wf_shopify_orders_20260202T175939Z_0126,s5_notify_warehouse,5,Slack,send_message,skipped,0,,
run_wf_shopify_orders_20260202T175939Z_0126,s6_update_crm,6,Salesforce,update_record,skipped,0,,
run_wf_shopify_orders_20260202T175939Z_0126,s7_log,7,Google Sheets,add_row,skipped,0,,
run_wf_shopify_orders_20260202T182850Z_0099,s1_get_order,1,Shopify,get_order,success,806,,
run_wf_shopify_orders_20260202T182850Z_0099,s2_validate,2,Code,run_python,success,483,,
run_wf_shopify_orders_20260202T182850Z_0099,s3_create_invoice,3,QuickBooks,create_invoice,failed,250,TIMEOUT,Transient timeout error
run_wf_shopify_orders_20260202T182850Z_0099,s4_update_inventory,4,Shopify,update_product,skipped,0,,
run_wf_shopify_orders_20260202T182850Z_0099,s5_notify_warehouse,5,Slack,send_message,skipped,0,,
run_wf_shopify_orders_20260202T182850Z_0099,s6_update_crm,6,Salesforce,update_record,skipped,0,,
run_wf_shopify_orders_20260202T182850Z_0099,s7_log,7,Google Sheets,add_row,skipped,0,,
run_wf_shopify_orders_20260202T191739Z_0045,s1_get_order,1,Shopify,get_order,success,1331,,
run_wf_shopify_orders_20260202T191739Z_0045,s2_validate,2,Code,run_python,success,743,,
run_wf_shopify_orders_20260202T191739Z_0045,s3_create_invoice,3,QuickBooks,create_invoice,success,175,,
run_wf_shopify_orders_20260202T191739Z_0045,s4_update_inventory,4,Shopify,update_product,success,215,,
run_wf_shopify_orders_20260202T191739Z_0045,s5_notify_warehouse,5,Slack,send_message,success,428,,
run_wf_shopify_orders_20260202T191739Z_0045,s6_update_crm,6,Salesforce,update_record,success,154,,
run_wf_shopify_orders_20260202T191739Z_0045,s7_log,7,Google Sheets,add_row,success,598,,
run_wf_lead_sync_20260202T201023Z_0054,s1_get_contact,1,HubSpot,get_contact,success,512,,
run_wf_lead_sync_20260202T201023Z_0054,s2_transform,2,Code,run_python,success,161,,
run_wf_lead_sync_20260202T201023Z_0054,s3_push_to_sf,3,Salesforce,create_lead,success,382,,
run_wf_lead_sync_20260202T201023Z_0054,s4_notify,4,Slack,send_message,success,1047,,
run_wf_lead_sync_20260202T213420Z_0003,s1_get_contact,1,HubSpot,get_contact,success,388,,
run_wf_lead_sync_20260202T213420Z_0003,s2_transform,2,Code,run_python,success,188,,
run_wf_lead_sync_20260202T213420Z_0003,s3_push_to_sf,3,Salesforce,create_lead,success,260,,
run_wf_lead_sync_20260202T213420Z_0003,s4_notify,4,Slack,send_message,success,1122,,
run_wf_support_router_20260202T224131Z_0098,s1_receive_ticket,1,Zendesk,get_ticket,success,141,,
run_wf_support_router_20260202T224131Z_0098,s2_classify,2,Code,run_python,success,178,,
run_wf_support_router_20260202T224131Z_0098,s3_route_slack,3,Slack,send_message,success,314,,
run_wf_support_router_20260202T224131Z_0098,s4_create_task,4,Asana,create_task,success,204,,
run_wf_support_router_20260202T224131Z_0098,s5_log_sheet,5,Google Sheets,add_row,success,345,,
run_wf_shopify_orders_20260202T224331Z_0081,s1_get_order,1,Shopify,get_order,success,637,,
run_wf_shopify_orders_20260202T224331Z_0081,s2_validate,2,Code,run_python,success,663,,
run_wf_shopify_orders_20260202T224331Z_0081,s3_create_invoice,3,QuickBooks,create_invoice,success,706,,
run_wf_shopify_orders_20260202T224331Z_0081,s4_update_inventory,4,Shopify,update_product,failed,553,INTERNAL,Transient internal error
run_wf_shopify_orders_20260202T224331Z_0081,s5_notify_warehouse,5,Slack,send_message,skipped,0,,
run_wf_shopify_orders_20260202T224331Z_0081,s6_update_crm,6,Salesforce,update_record,skipped,0,,
run_wf_shopify_orders_20260202T224331Z_0081,s7_log,7,Google Sheets,add_row,skipped,0,,
run_wf_support_router_20260202T224527Z_0060,s1_receive_ticket,1,Zendesk,get_ticket,success,296,,
run_wf_support_router_20260202T224527Z_0060,s2_classify,2,Code,run_python,success,237,,
run_wf_support_router_20260202T224527Z_0060,s3_route_slack,3,Slack,send_message,success,143,,
run_wf_support_router_20260202T224527Z_0060,s4_create_task,4,Asana,create_task,success,50,,
run_wf_support_router_20260202T224527Z_0060,s5_log_sheet,5,Google Sheets,add_row,success,221,,
run_wf_shopify_orders_20260203T004747Z_0114,s1_get_order,1,Shopify,get_order,success,695,,
run_wf_shopify_orders_20260203T004747Z_0114,s2_validate,2,Code,run_python,success,435,,
run_wf_shopify_orders_20260203T004747Z_0114,s3_create_invoice,3,QuickBooks,create_invoice,success,603,,
run_wf_shopify_orders_20260203T004747Z_0114,s4_update_inventory,4,Shopify,update_product,success,108,,
run_wf_shopify_orders_20260203T004747Z_0114,s5_notify_warehouse,5,Slack,send_message,success,190,,
run_wf_shopify_orders_20260203T004747Z_0114,s6_update_crm,6,Salesforce,update_record,success,210,,
run_wf_shopify_orders_20260203T004747Z_0114,s7_log,7,Google Sheets,add_row,success,428,,
run_wf_shopify_orders_20260203T005209Z_0145,s1_get_order,1,Shopify,get_order,success,910,,
run_wf_shopify_orders_20260203T005209Z_0145,s2_validate,2,Code,run_python,success,427,,
run_wf_shopify_orders_20260203T005209Z_0145,s3_create_invoice,3,QuickBooks,create_invoice,success,690,,
run_wf_shopify_orders_20260203T005209Z_0145,s4_update_inventory,4,Shopify,update_product,failed,139,TIMEOUT,Transient timeout error
run_wf_shopify_orders_20260203T005209Z_0145,s5_notify_warehouse,5,Slack,send_message,skipped,0,,
run_wf_shopify_orders_20260203T005209Z_0145,s6_update_crm,6,Salesforce,update_record,skipped,0,,
run_wf_shopify_orders_20260203T005209Z_0145,s7_log,7,Google Sheets,add_row,skipped,0,,
run_wf_support_router_20260203T005619Z_0026,s1_receive_ticket,1,Zendesk,get_ticket,success,421,,
run_wf_support_router_20260203T005619Z_0026,s2_classify,2,Code,run_python,success,176,,
run_wf_support_router_20260203T005619Z_0026,s3_route_slack,3,Slack,send_message,success,291,,
run_wf_support_router_20260203T005619Z_0026,s4_create_task,4,Asana,create_task,success,145,,
run_wf_support_router_20260203T005619Z_0026,s5_log_sheet,5,Google Sheets,add_row,success,319,,
run_wf_shopify_orders_20260203T010851Z_0019,s1_get_order,1,Shopify,get_order,success,359,,
run_wf_shopify_orders_20260203T010851Z_0019,s2_validate,2,Code,run_python,success,282,,
run_wf_shopify_orders_20260203T010851Z_0019,s3_create_invoice,3,QuickBooks,create_invoice,success,563,,
run_wf_shopify_orders_20260203T010851Z_0019,s4_update_inventory,4,Shopify,update_product,success,644,,
run_wf_shopify_orders_20260203T010851Z_0019,s5_notify_warehouse,5,Slack,send_message,success,118,,
run_wf_shopify_orders_20260203T010851Z_0019,s6_update_crm,6,Salesforce,update_record,success,256,,
run_wf_shopify_orders_20260203T010851Z_0019,s7_log,7,Google Sheets,add_row,success,626,,
run_wf_support_router_20260203T012936Z_0085,s1_receive_ticket,1,Zendesk,get_ticket,success,302,,
run_wf_support_router_20260203T012936Z_0085,s2_classify,2,Code,run_python,success,275,,
run_wf_support_router_20260203T012936Z_0085,s3_route_slack,3,Slack,send_message,success,79,,
run_wf_support_router_20260203T012936Z_0085,s4_create_task,4,Asana,create_task,success,104,,
run_wf_support_router_20260203T012936Z_0085,s5_log_sheet,5,Google Sheets,add_row,success,251,,
run_wf_shopify_orders_20260203T014625Z_0030,s1_get_order,1,Shopify,get_order,success,592,,
run_wf_shopify_orders_20260203T014625Z_0030,s2_validate,2,Code,run_python,success,813,,
run_wf_shopify_orders_20260203T014625Z_0030,s3_create_invoice,3,QuickBooks,create_invoice,success,491,,
run_wf_shopify_orders_20260203T014625Z_0030,s4_update_inventory,4,Shopify,update_product,success,178,,
run_wf_shopify_orders_20260203T014625Z_0030,s5_notify_warehouse,5,Slack,send_message,success,168,,
run_wf_shopify_orders_20260203T014625Z_0030,s6_update_crm,6,Salesforce,update_record,success,72,,
run_wf_shopify_orders_20260203T014625Z_0030,s7_log,7,Google Sheets,add_row,success,530,,
run_wf_shopify_orders_20260203T015211Z_0192,s1_get_order,1,Shopify,get_order,success,399,,
run_wf_shopify_orders_20260203T015211Z_0192,s2_validate,2,Code,run_python,success,355,,
run_wf_shopify_orders_20260203T015211Z_0192,s3_create_invoice,3,QuickBooks,create_invoice,failed,451,TIMEOUT,Transient timeout error
run_wf_shopify_orders_20260203T015211Z_0192,s4_update_inventory,4,Shopify,update_product,skipped,0,,
run_wf_shopify_orders_20260203T015211Z_0192,s5_notify_warehouse,5,Slack,send_message,skipped,0,,
run_wf_shopify_orders_20260203T015211Z_0192,s6_update_crm,6,Salesforce,update_record,skipped,0,,
run_wf_shopify_orders_20260203T015211Z_0192,s7_log,7,Google Sheets,add_row,skipped,0,,
run_wf_shopify_orders_20260203T034115Z_0151,s1_get_order,1,Shopify,get_order,success,715,,
run_wf_shopify_orders_20260203T034115Z_0151,s2_validate,2,Code,run_python,success,750,,
run_wf_shopify_orders_20260203T034115Z_0151,s3_create_invoice,3,QuickBooks,create_invoice,success,385,,
run_wf_shopify_orders_20260203T034115Z_0151,s4_update_inventory,4,Shopify,update_product,success,509,,
run_wf_shopify_orders_20260203T034115Z_0151,s5_notify_warehouse,5,Slack,send_message,success,239,,
run_wf_shopify_orders_20260203T034115Z_0151,s6_update_crm,6,Salesforce,update_record,success,211,,
run_wf_shopify_orders_20260203T034115Z_0151,s7_log,7,Google Sheets,add_row,success,625,,
run_wf_shopify_returns_20260203T044710Z_0026,s1_get_refund,1,Shopify,get_refund,success,762,,
run_wf_shopify_returns_20260203T044710Z_0026,s2_process,2,Code,run_python,success,638,,
run_wf_shopify_returns_20260203T044710Z_0026,s3_update_inventory,3,Shopify,update_product,success,255,,
run_wf_shopify_returns_20260203T044710Z_0026,s4_notify,4,Slack,send_message,success,994,,
run_wf_shopify_orders_20260203T054335Z_0063,s1_get_order,1,Shopify,get_order,success,1312,,
run_wf_shopify_orders_20260203T054335Z_0063,s2_validate,2,Code,run_python,success,777,,
run_wf_shopify_orders_20260203T054335Z_0063,s3_create_invoice,3,QuickBooks,create_invoice,success,408,,
run_wf_shopify_orders_20260203T054335Z_0063,s4_update_inventory,4,Shopify,update_product,success,346,,
run_wf_shopify_orders_20260203T054335Z_0063,s5_notify_warehouse,5,Slack,send_message,success,193,,
run_wf_shopify_orders_20260203T054335Z_0063,s6_update_crm,6,Salesforce,update_record,success,119,,
run_wf_shopify_orders_20260203T054335Z_0063,s7_log,7,Google Sheets,add_row,success,391,,
run_wf_shopify_orders_20260203T055405Z_0136,s1_get_order,1,Shopify,get_order,success,821,,
run_wf_shopify_orders_20260203T055405Z_0136,s2_validate,2,Code,run_python,success,728,,
run_wf_shopify_orders_20260203T055405Z_0136,s3_create_invoice,3,QuickBooks,create_invoice,success,754,,
run_wf_shopify_orders_20260203T055405Z_0136,s4_update_inventory,4,Shopify,update_product,success,508,,
run_wf_shopify_orders_20260203T055405Z_0136,s5_notify_warehouse,5,Slack,send_message,success,89,,
run_wf_shopify_orders_20260203T055405Z_0136,s6_update_crm,6,Salesforce,update_record,success,306,,
run_wf_shopify_orders_20260203T055405Z_0136,s7_log,7,Google Sheets,add_row,success,474,,
run_wf_lead_sync_20260203T062438Z_0042,s1_get_contact,1,HubSpot,get_contact,failed,506,UNKNOWN,Transient unknown error
run_wf_lead_sync_20260203T062438Z_0042,s2_transform,2,Code,run_python,skipped,0,,
run_wf_lead_sync_20260203T062438Z_0042,s3_push_to_sf,3,Salesforce,create_lead,skipped,0,,
run_wf_lead_sync_20260203T062438Z_0042,s4_notify,4,Slack,send_message,skipped,0,,
run_wf_shopify_orders_20260203T064152Z_0216,s1_get_order,1,Shopify,get_order,success,662,,
run_wf_shopify_orders_20260203T064152Z_0216,s2_validate,2,Code,run_python,success,150,,
run_wf_shopify_orders_20260203T064152Z_0216,s3_create_invoice,3,QuickBooks,create_invoice,success,395,,
run_wf_shopify_orders_20260203T064152Z_0216,s4_update_inventory,4,Shopify,update_product,failed,305,INTERNAL,Transient internal error
run_wf_shopify_orders_20260203T064152Z_0216,s5_notify_warehouse,5,Slack,send_message,skipped,0,,
run_wf_shopify_orders_20260203T064152Z_0216,s6_update_crm,6,Salesforce,update_record,skipped,0,,
run_wf_shopify_orders_20260203T064152Z_0216,s7_log,7,Google Sheets,add_row,skipped,0,,
run_wf_shopify_orders_20260203T075744Z_0157,s1_get_order,1,Shopify,get_order,success,993,,
run_wf_shopify_orders_20260203T075744Z_0157,s2_validate,2,Code,run_python,success,395,,
run_wf_shopify_orders_20260203T075744Z_0157,s3_create_invoice,3,QuickBooks,create_invoice,success,541,,
run_wf_shopify_orders_20260203T075744Z_0157,s4_update_inventory,4,Shopify,update_product,success,133,,
run_wf_shopify_orders_20260203T075744Z_0157,s5_notify_warehouse,5,Slack,send_message,success,134,,
run_wf_shopify_orders_20260203T075744Z_0157,s6_update_crm,6,Salesforce,update_record,success,128,,
run_wf_shopify_orders_20260203T075744Z_0157,s7_log,7,Google Sheets,add_row,success,716,,
run_wf_support_router_20260203T082859Z_0023,s1_receive_ticket,1,Zendesk,get_ticket,success,503,,
run_wf_support_router_20260203T082859Z_0023,s2_classify,2,Code,run_python,success,218,,
run_wf_support_router_20260203T082859Z_0023,s3_route_slack,3,Slack,send_message,success,208,,
run_wf_support_router_20260203T082859Z_0023,s4_create_task,4,Asana,create_task,success,172,,
run_wf_support_router_20260203T082859Z_0023,s5_log_sheet,5,Google Sheets,add_row,success,532,,
run_wf_shopify_orders_20260203T091626Z_0004,s1_get_order,1,Shopify,get_order,success,466,,
run_wf_shopify_orders_20260203T091626Z_0004,s2_validate,2,Code,run_python,success,712,,
run_wf_shopify_orders_20260203T091626Z_0004,s3_create_invoice,3,QuickBooks,create_invoice,success,756,,
run_wf_shopify_orders_20260203T091626Z_0004,s4_update_inventory,4,Shopify,update_product,success,256,,
run_wf_shopify_orders_20260203T091626Z_0004,s5_notify_warehouse,5,Slack,send_message,success,184,,
run_wf_shopify_orders_20260203T091626Z_0004,s6_update_crm,6,Salesforce,update_record,success,256,,
run_wf_shopify_orders_20260203T091626Z_0004,s7_log,7,Google Sheets,add_row,success,817,,
run_wf_shopify_orders_20260203T092249Z_0178,s1_get_order,1,Shopify,get_order,success,581,,
run_wf_shopify_orders_20260203T092249Z_0178,s2_validate,2,Code,run_python,success,479,,
run_wf_shopify_orders_20260203T092249Z_0178,s3_create_invoice,3,QuickBooks,create_invoice,success,695,,
run_wf_shopify_orders_20260203T092249Z_0178,s4_update_inventory,4,Shopify,update_product,success,149,,
run_wf_shopify_orders_20260203T092249Z_0178,s5_notify_warehouse,5,Slack,send_message,success,212,,
run_wf_shopify_orders_20260203T092249Z_0178,s6_update_crm,6,Salesforce,update_record,success,195,,
run_wf_shopify_orders_20260203T092249Z_0178,s7_log,7,Google Sheets,add_row,success,821,,
run_wf_support_router_20260203T122140Z_0072,s1_receive_ticket,1,Zendesk,get_ticket,success,437,,
run_wf_support_router_20260203T122140Z_0072,s2_classify,2,Code,run_python,success,326,,
run_wf_support_router_20260203T122140Z_0072,s3_route_slack,3,Slack,send_message,success,156,,
run_wf_support_router_20260203T122140Z_0072,s4_create_task,4,Asana,create_task,success,57,,
run_wf_support_router_20260203T122140Z_0072,s5_log_sheet,5,Google Sheets,add_row,success,298,,
run_wf_shopify_returns_20260203T123741Z_0010,s1_get_refund,1,Shopify,get_refund,success,347,,
run_wf_shopify_returns_20260203T123741Z_0010,s2_process,2,Code,run_python,success,394,,
run_wf_shopify_returns_20260203T123741Z_0010,s3_update_inventory,3,Shopify,update_product,success,841,,
run_wf_shopify_returns_20260203T123741Z_0010,s4_notify,4,Slack,send_message,success,1779,,
run_wf_shopify_orders_20260203T135028Z_0106,s1_get_order,1,Shopify,get_order,success,1212,,
run_wf_shopify_orders_20260203T135028Z_0106,s2_validate,2,Code,run_python,success,700,,
run_wf_shopify_orders_20260203T135028Z_0106,s3_create_invoice,3,QuickBooks,create_invoice,success,708,,
run_wf_shopify_orders_20260203T135028Z_0106,s4_update_inventory,4,Shopify,update_product,success,255,,
run_wf_shopify_orders_20260203T135028Z_0106,s5_notify_warehouse,5,Slack,send_message,success,167,,
run_wf_shopify_orders_20260203T135028Z_0106,s6_update_crm,6,Salesforce,update_record,failed,283,TIMEOUT,Transient timeout error
run_wf_shopify_orders_20260203T135028Z_0106,s7_log,7,Google Sheets,add_row,skipped,0,,
run_wf_shopify_orders_20260203T144022Z_0016,s1_get_order,1,Shopify,get_order,success,1175,,
run_wf_shopify_orders_20260203T144022Z_0016,s2_validate,2,Code,run_python,success,1015,,
run_wf_shopify_orders_20260203T144022Z_0016,s3_create_invoice,3,QuickBooks,create_invoice,success,521,,
run_wf_shopify_orders_20260203T144022Z_0016,s4_update_inventory,4,Shopify,update_product,failed,318,INTERNAL,Transient internal error
run_wf_shopify_orders_20260203T144022Z_0016,s5_notify_warehouse,5,Slack,send_message,skipped,0,,
run_wf_shopify_orders_20260203T144022Z_0016,s6_update_crm,6,Salesforce,update_record,skipped,0,,
run_wf_shopify_orders_20260203T144022Z_0016,s7_log,7,Google Sheets,add_row,skipped,0,,
run_wf_shopify_orders_20260203T151214Z_0166,s1_get_order,1,Shopify,get_order,success,1280,,
run_wf_shopify_orders_20260203T151214Z_0166,s2_validate,2,Code,run_python,success,1156,,
run_wf_shopify_orders_20260203T151214Z_0166,s3_create_invoice,3,QuickBooks,create_invoice,success,341,,
run_wf_shopify_orders_20260203T151214Z_0166,s4_update_inventory,4,Shopify,update_product,success,722,,
run_wf_shopify_orders_20260203T151214Z_0166,s5_notify_warehouse,5,Slack,send_message,success,602,,
run_wf_shopify_orders_20260203T151214Z_0166,s6_update_crm,6,Salesforce,update_record,success,359,,
run_wf_shopify_orders_20260203T151214Z_0166,s7_log,7,Google Sheets,add_row,success,679,,
run_wf_support_router_20260203T153724Z_0049,s1_receive_ticket,1,Zendesk,get_ticket,success,230,,
run_wf_support_router_20260203T153724Z_0049,s2_classify,2,Code,run_python,success,266,,
run_wf_support_router_20260203T153724Z_0049,s3_route_slack,3,Slack,send_message,success,58,,
run_wf_support_router_20260203T153724Z_0049,s4_create_task,4,Asana,create_task,success,50,,
run_wf_support_router_20260203T153724Z_0049,s5_log_sheet,5,Google Sheets,add_row,success,406,,
run_wf_shopify_orders_20260203T162539Z_0027,s1_get_order,1,Shopify,get_order,success,1080,,
run_wf_shopify_orders_20260203T162539Z_0027,s2_validate,2,Code,run_python,success,549,,
run_wf_shopify_orders_20260203T162539Z_0027,s3_create_invoice,3,QuickBooks,create_invoice,success,555,,
run_wf_shopify_orders_20260203T162539Z_0027,s4_update_inventory,4,Shopify,update_product,success,208,,
run_wf_shopify_orders_20260203T162539Z_0027,s5_notify_warehouse,5,Slack,send_message,failed,134,BAD_INPUT,Transient bad_input error
run_wf_shopify_orders_20260203T162539Z_0027,s6_update_crm,6,Salesforce,update_record,skipped,0,,
run_wf_shopify_orders_20260203T162539Z_0027,s7_log,7,Google Sheets,add_row,skipped,0,,
run_wf_shopify_orders_20260203T162948Z_0122,s1_get_order,1,Shopify,get_order,success,483,,
run_wf_shopify_orders_20260203T162948Z_0122,s2_validate,2,Code,run_python,success,583,,
run_wf_shopify_orders_20260203T162948Z_0122,s3_create_invoice,3,QuickBooks,create_invoice,success,762,,
run_wf_shopify_orders_20260203T162948Z_0122,s4_update_inventory,4,Shopify,update_product,success,301,,
run_wf_shopify_orders_20260203T162948Z_0122,s5_notify_warehouse,5,Slack,send_message,success,184,,
run_wf_shopify_orders_20260203T162948Z_0122,s6_update_crm,6,Salesforce,update_record,success,224,,
run_wf_shopify_orders_20260203T162948Z_0122,s7_log,7,Google Sheets,add_row,success,751,,
run_wf_support_router_20260203T170957Z_0009,s1_receive_ticket,1,Zendesk,get_ticket,success,203,,
run_wf_support_router_20260203T170957Z_0009,s2_classify,2,Code,run_python,success,356,,
run_wf_support_router_20260203T170957Z_0009,s3_route_slack,3,Slack,send_message,success,153,,
run_wf_support_router_20260203T170957Z_0009,s4_create_task,4,Asana,create_task,success,78,,
run_wf_support_router_20260203T170957Z_0009,s5_log_sheet,5,Google Sheets,add_row,failed,642,INTERNAL,Transient internal error
run_wf_shopify_orders_20260203T195806Z_0007,s1_get_order,1,Shopify,get_order,success,702,,
run_wf_shopify_orders_20260203T195806Z_0007,s2_validate,2,Code,run_python,success,1395,,
run_wf_shopify_orders_20260203T195806Z_0007,s3_create_invoice,3,QuickBooks,create_invoice,success,477,,
run_wf_shopify_orders_20260203T195806Z_0007,s4_update_inventory,4,Shopify,update_product,success,512,,
run_wf_shopify_orders_20260203T195806Z_0007,s5_notify_warehouse,5,Slack,send_message,success,166,,
run_wf_shopify_orders_20260203T195806Z_0007,s6_update_crm,6,Salesforce,update_record,success,223,,
run_wf_shopify_orders_20260203T195806Z_0007,s7_log,7,Google Sheets,add_row,success,810,,
run_wf_shopify_orders_20260203T201735Z_0046,s1_get_order,1,Shopify,get_order,success,1177,,
run_wf_shopify_orders_20260203T201735Z_0046,s2_validate,2,Code,run_python,success,1082,,
run_wf_shopify_orders_20260203T201735Z_0046,s3_create_invoice,3,QuickBooks,create_invoice,success,305,,
run_wf_shopify_orders_20260203T201735Z_0046,s4_update_inventory,4,Shopify,update_product,success,513,,
run_wf_shopify_orders_20260203T201735Z_0046,s5_notify_warehouse,5,Slack,send_message,success,170,,
run_wf_shopify_orders_20260203T201735Z_0046,s6_update_crm,6,Salesforce,update_record,success,142,,
run_wf_shopify_orders_20260203T201735Z_0046,s7_log,7,Google Sheets,add_row,success,538,,
run_wf_shopify_orders_20260203T203741Z_0093,s1_get_order,1,Shopify,get_order,success,389,,
run_wf_shopify_orders_20260203T203741Z_0093,s2_validate,2,Code,run_python,success,482,,
run_wf_shopify_orders_20260203T203741Z_0093,s3_create_invoice,3,QuickBooks,create_invoice,success,1062,,
run_wf_shopify_orders_20260203T203741Z_0093,s4_update_inventory,4,Shopify,update_product,success,262,,
run_wf_shopify_orders_20260203T203741Z_0093,s5_notify_warehouse,5,Slack,send_message,success,511,,
run_wf_shopify_orders_20260203T203741Z_0093,s6_update_crm,6,Salesforce,update_record,success,164,,
run_wf_shopify_orders_20260203T203741Z_0093,s7_log,7,Google Sheets,add_row,success,946,,
run_wf_shopify_orders_20260203T220502Z_0109,s1_get_order,1,Shopify,get_order,success,771,,
run_wf_shopify_orders_20260203T220502Z_0109,s2_validate,2,Code,run_python,success,700,,
run_wf_shopify_orders_20260203T220502Z_0109,s3_create_invoice,3,QuickBooks,create_invoice,success,698,,
run_wf_shopify_orders_20260203T220502Z_0109,s4_update_inventory,4,Shopify,update_product,success,173,,
run_wf_shopify_orders_20260203T220502Z_0109,s5_notify_warehouse,5,Slack,send_message,success,200,,
run_wf_shopify_orders_20260203T220502Z_0109,s6_update_crm,6,Salesforce,update_record,success,307,,
run_wf_shopify_orders_20260203T220502Z_0109,s7_log,7,Google Sheets,add_row,success,759,,
run_wf_support_router_20260203T223810Z_0050,s1_receive_ticket,1,Zendesk,get_ticket,failed,125,INTERNAL,Transient internal error
run_wf_support_router_20260203T223810Z_0050,s2_classify,2,Code,run_python,skipped,0,,
run_wf_support_router_20260203T223810Z_0050,s3_route_slack,3,Slack,send_message,skipped,0,,
run_wf_support_router_20260203T223810Z_0050,s4_create_task,4,Asana,create_task,skipped,0,,
run_wf_support_router_20260203T223810Z_0050,s5_log_sheet,5,Google Sheets,add_row,skipped,0,,
run_wf_lead_sync_20260203T224309Z_0017,s1_get_contact,1,HubSpot,get_contact,failed,547,UNKNOWN,Transient unknown error
run_wf_lead_sync_20260203T224309Z_0017,s2_transform,2,Code,run_python,skipped,0,,
run_wf_lead_sync_20260203T224309Z_0017,s3_push_to_sf,3,Salesforce,create_lead,skipped,0,,
run_wf_lead_sync_20260203T224309Z_0017,s4_notify,4,Slack,send_message,skipped,0,,
run_wf_shopify_returns_20260204T000907Z_0044,s1_get_refund,1,Shopify,get_refund,success,349,,
run_wf_shopify_returns_20260204T000907Z_0044,s2_process,2,Code,run_python,success,380,,
run_wf_shopify_returns_20260204T000907Z_0044,s3_update_inventory,3,Shopify,update_product,success,242,,
run_wf_shopify_returns_20260204T000907Z_0044,s4_notify,4,Slack,send_message,success,1998,,
run_wf_shopify_orders_20260204T005049Z_0189,s1_get_order,1,Shopify,get_order,success,505,,
run_wf_shopify_orders_20260204T005049Z_0189,s2_validate,2,Code,run_python,success,301,,
run_wf_shopify_orders_20260204T005049Z_0189,s3_create_invoice,3,QuickBooks,create_invoice,success,428,,
run_wf_shopify_orders_20260204T005049Z_0189,s4_update_inventory,4,Shopify,update_product,success,495,,
run_wf_shopify_orders_20260204T005049Z_0189,s5_notify_warehouse,5,Slack,send_message,success,413,,
run_wf_shopify_orders_20260204T005049Z_0189,s6_update_crm,6,Salesforce,update_record,success,236,,
run_wf_shopify_orders_20260204T005049Z_0189,s7_log,7,Google Sheets,add_row,success,588,,
run_wf_shopify_orders_20260204T010617Z_0151,s1_get_order,1,Shopify,get_order,success,343,,
run_wf_shopify_orders_20260204T010617Z_0151,s2_validate,2,Code,run_python,success,202,,
run_wf_shopify_orders_20260204T010617Z_0151,s3_create_invoice,3,QuickBooks,create_invoice,success,663,,
run_wf_shopify_orders_20260204T010617Z_0151,s4_update_inventory,4,Shopify,update_product,success,278,,
run_wf_shopify_orders_20260204T010617Z_0151,s5_notify_warehouse,5,Slack,send_message,success,93,,
run_wf_shopify_orders_20260204T010617Z_0151,s6_update_crm,6,Salesforce,update_record,success,162,,
run_wf_shopify_orders_20260204T010617Z_0151,s7_log,7,Google Sheets,add_row,success,546,,
run_wf_support_router_20260204T010858Z_0106,s1_receive_ticket,1,Zendesk,get_ticket,success,243,,
run_wf_support_router_20260204T010858Z_0106,s2_classify,2,Code,run_python,success,237,,
run_wf_support_router_20260204T010858Z_0106,s3_route_slack,3,Slack,send_message,success,92,,
run_wf_support_router_20260204T010858Z_0106,s4_create_task,4,Asana,create_task,success,50,,
run_wf_support_router_20260204T010858Z_0106,s5_log_sheet,5,Google Sheets,add_row,success,243,,
run_wf_shopify_orders_20260204T012200Z_0195,s1_get_order,1,Shopify,get_order,success,881,,
run_wf_shopify_orders_20260204T012200Z_0195,s2_validate,2,Code,run_python,success,834,,
run_wf_shopify_orders_20260204T012200Z_0195,s3_create_invoice,3,QuickBooks,create_invoice,success,469,,
run_wf_shopify_orders_20260204T012200Z_0195,s4_update_inventory,4,Shopify,update_product,success,471,,
run_wf_shopify_orders_20260204T012200Z_0195,s5_notify_warehouse,5,Slack,send_message,success,287,,
run_wf_shopify_orders_20260204T012200Z_0195,s6_update_crm,6,Salesforce,update_record,success,280,,
run_wf_shopify_orders_20260204T012200Z_0195,s7_log,7,Google Sheets,add_row,success,560,,
run_wf_support_router_20260204T025304Z_0014,s1_receive_ticket,1,Zendesk,get_ticket,success,527,,
run_wf_support_router_20260204T025304Z_0014,s2_classify,2,Code,run_python,success,149,,
run_wf_support_router_20260204T025304Z_0014,s3_route_slack,3,Slack,send_message,success,152,,
run_wf_support_router_20260204T025304Z_0014,s4_create_task,4,Asana,create_task,success,70,,
run_wf_support_router_20260204T025304Z_0014,s5_log_sheet,5,Google Sheets,add_row,success,468,,
run_wf_shopify_orders_20260204T050855Z_0199,s1_get_order,1,Shopify,get_order,success,1046,,
run_wf_shopify_orders_20260204T050855Z_0199,s2_validate,2,Code,run_python,success,650,,
run_wf_shopify_orders_20260204T050855Z_0199,s3_create_invoice,3,QuickBooks,create_invoice,success,688,,
run_wf_shopify_orders_20260204T050855Z_0199,s4_update_inventory,4,Shopify,update_product,success,588,,
run_wf_shopify_orders_20260204T050855Z_0199,s5_notify_warehouse,5,Slack,send_message,success,333,,
run_wf_shopify_orders_20260204T050855Z_0199,s6_update_crm,6,Salesforce,update_record,success,145,,
run_wf_shopify_orders_20260204T050855Z_0199,s7_log,7,Google Sheets,add_row,success,1059,,
run_wf_shopify_orders_20260204T061240Z_0220,s1_get_order,1,Shopify,get_order,success,1223,,
run_wf_shopify_orders_20260204T061240Z_0220,s2_validate,2,Code,run_python,success,578,,
run_wf_shopify_orders_20260204T061240Z_0220,s3_create_invoice,3,QuickBooks,create_invoice,success,468,,
run_wf_shopify_orders_20260204T061240Z_0220,s4_update_inventory,4,Shopify,update_product,success,380,,
run_wf_shopify_orders_20260204T061240Z_0220,s5_notify_warehouse,5,Slack,send_message,success,340,,
run_wf_shopify_orders_20260204T061240Z_0220,s6_update_crm,6,Salesforce,update_record,success,90,,
run_wf_shopify_orders_20260204T061240Z_0220,s7_log,7,Google Sheets,add_row,success,583,,
run_wf_lead_sync_20260204T062234Z_0032,s1_get_contact,1,HubSpot,get_contact,success,689,,
run_wf_lead_sync_20260204T062234Z_0032,s2_transform,2,Code,run_python,success,615,,
run_wf_lead_sync_20260204T062234Z_0032,s3_push_to_sf,3,Salesforce,create_lead,success,133,,
run_wf_lead_sync_20260204T062234Z_0032,s4_notify,4,Slack,send_message,success,1194,,
run_wf_shopify_orders_20260204T064919Z_0100,s1_get_order,1,Shopify,get_order,success,1530,,
run_wf_shopify_orders_20260204T064919Z_0100,s2_validate,2,Code,run_python,success,265,,
run_wf_shopify_orders_20260204T064919Z_0100,s3_create_invoice,3,QuickBooks,create_invoice,success,803,,
run_wf_shopify_orders_20260204T064919Z_0100,s4_update_inventory,4,Shopify,update_product,success,246,,
run_wf_shopify_orders_20260204T064919Z_0100,s5_notify_warehouse,5,Slack,send_message,success,387,,
run_wf_shopify_orders_20260204T064919Z_0100,s6_update_crm,6,Salesforce,update_record,success,287,,
run_wf_shopify_orders_20260204T064919Z_0100,s7_log,7,Google Sheets,add_row,success,446,,
run_wf_shopify_orders_20260204T072829Z_0146,s1_get_order,1,Shopify,get_order,success,1070,,
run_wf_shopify_orders_20260204T072829Z_0146,s2_validate,2,Code,run_python,success,364,,
run_wf_shopify_orders_20260204T072829Z_0146,s3_create_invoice,3,QuickBooks,create_invoice,success,323,,
run_wf_shopify_orders_20260204T072829Z_0146,s4_update_inventory,4,Shopify,update_product,success,632,,
run_wf_shopify_orders_20260204T072829Z_0146,s5_notify_warehouse,5,Slack,send_message,success,725,,
run_wf_shopify_orders_20260204T072829Z_0146,s6_update_crm,6,Salesforce,update_record,success,152,,
run_wf_shopify_orders_20260204T072829Z_0146,s7_log,7,Google Sheets,add_row,success,1024,,
run_wf_shopify_orders_20260204T074748Z_0135,s1_get_order,1,Shopify,get_order,success,311,,
run_wf_shopify_orders_20260204T074748Z_0135,s2_validate,2,Code,run_python,success,437,,
run_wf_shopify_orders_20260204T074748Z_0135,s3_create_invoice,3,QuickBooks,create_invoice,success,541,,
run_wf_shopify_orders_20260204T074748Z_0135,s4_update_inventory,4,Shopify,update_product,success,449,,
run_wf_shopify_orders_20260204T074748Z_0135,s5_notify_warehouse,5,Slack,send_message,success,286,,
run_wf_shopify_orders_20260204T074748Z_0135,s6_update_crm,6,Salesforce,update_record,success,268,,
run_wf_shopify_orders_20260204T074748Z_0135,s7_log,7,Google Sheets,add_row,success,408,,
run_wf_shopify_returns_20260204T093342Z_0028,s1_get_refund,1,Shopify,get_refund,success,543,,
run_wf_shopify_returns_20260204T093342Z_0028,s2_process,2,Code,run_python,success,602,,
run_wf_shopify_returns_20260204T093342Z_0028,s3_update_inventory,3,Shopify,update_product,success,185,,
run_wf_shopify_returns_20260204T093342Z_0028,s4_notify,4,Slack,send_message,success,950,,
run_wf_support_router_20260204T093730Z_0113,s1_receive_ticket,1,Zendesk,get_ticket,success,481,,
run_wf_support_router_20260204T093730Z_0113,s2_classify,2,Code,run_python,success,402,,
run_wf_support_router_20260204T093730Z_0113,s3_route_slack,3,Slack,send_message,success,114,,
run_wf_support_router_20260204T093730Z_0113,s4_create_task,4,Asana,create_task,success,177,,
run_wf_support_router_20260204T093730Z_0113,s5_log_sheet,5,Google Sheets,add_row,success,353,,
run_wf_support_router_20260204T124757Z_0039,s1_receive_ticket,1,Zendesk,get_ticket,success,223,,
run_wf_support_router_20260204T124757Z_0039,s2_classify,2,Code,run_python,success,461,,
run_wf_support_router_20260204T124757Z_0039,s3_route_slack,3,Slack,send_message,success,145,,
run_wf_support_router_20260204T124757Z_0039,s4_create_task,4,Asana,create_task,success,78,,
run_wf_support_router_20260204T124757Z_0039,s5_log_sheet,5,Google Sheets,add_row,success,598,,
run_wf_support_router_20260204T131339Z_0042,s1_receive_ticket,1,Zendesk,get_ticket,success,165,,
run_wf_support_router_20260204T131339Z_0042,s2_classify,2,Code,run_python,success,159,,
run_wf_support_router_20260204T131339Z_0042,s3_route_slack,3,Slack,send_message,success,93,,
run_wf_support_router_20260204T131339Z_0042,s4_create_task,4,Asana,create_task,success,98,,
run_wf_support_router_20260204T131339Z_0042,s5_log_sheet,5,Google Sheets,add_row,success,286,,
run_wf_shopify_orders_20260204T145105Z_0065,s1_get_order,1,Shopify,get_order,success,313,,
run_wf_shopify_orders_20260204T145105Z_0065,s2_validate,2,Code,run_python,success,724,,
run_wf_shopify_orders_20260204T145105Z_0065,s3_create_invoice,3,QuickBooks,create_invoice,success,251,,
run_wf_shopify_orders_20260204T145105Z_0065,s4_update_inventory,4,Shopify,update_product,success,103,,
run_wf_shopify_orders_20260204T145105Z_0065,s5_notify_warehouse,5,Slack,send_message,failed,110,INTERNAL,Transient internal error
run_wf_shopify_orders_20260204T145105Z_0065,s6_update_crm,6,Salesforce,update_record,skipped,0,,
run_wf_shopify_orders_20260204T145105Z_0065,s7_log,7,Google Sheets,add_row,skipped,0,,
run_wf_support_router_20260204T162041Z_0000,s1_receive_ticket,1,Zendesk,get_ticket,success,418,,
run_wf_support_router_20260204T162041Z_0000,s2_classify,2,Code,run_python,success,80,,
run_wf_support_router_20260204T162041Z_0000,s3_route_slack,3,Slack,send_message,success,213,,
run_wf_support_router_20260204T162041Z_0000,s4_create_task,4,Asana,create_task,success,191,,
run_wf_support_router_20260204T162041Z_0000,s5_log_sheet,5,Google Sheets,add_row,success,315,,
run_wf_support_router_20260204T175005Z_0100,s1_receive_ticket,1,Zendesk,get_ticket,success,249,,
run_wf_support_router_20260204T175005Z_0100,s2_classify,2,Code,run_python,success,204,,
run_wf_support_router_20260204T175005Z_0100,s3_route_slack,3,Slack,send_message,success,114,,
run_wf_support_router_20260204T175005Z_0100,s4_create_task,4,Asana,create_task,success,196,,
run_wf_support_router_20260204T175005Z_0100,s5_log_sheet,5,Google Sheets,add_row,success,385,,
run_wf_support_router_20260204T182816Z_0022,s1_receive_ticket,1,Zendesk,get_ticket,success,245,,
run_wf_support_router_20260204T182816Z_0022,s2_classify,2,Code,run_python,success,390,,
run_wf_support_router_20260204T182816Z_0022,s3_route_slack,3,Slack,send_message,success,175,,
run_wf_support_router_20260204T182816Z_0022,s4_create_task,4,Asana,create_task,failed,117,BAD_INPUT,Transient bad_input error
run_wf_support_router_20260204T182816Z_0022,s5_log_sheet,5,Google Sheets,add_row,skipped,0,,
run_wf_invoice_sync_20260204T185509Z_0003,s1_get_invoice,1,Stripe,get_invoice,success,335,,
run_wf_invoice_sync_20260204T185509Z_0003,s2_create_entry,2,QuickBooks,create_invoice,success,155,,
run_wf_invoice_sync_20260204T185509Z_0003,s3_notify,3,Slack,send_message,success,1333,,
run_wf_shopify_orders_20260204T191834Z_0191,s1_get_order,1,Shopify,get_order,success,682,,
run_wf_shopify_orders_20260204T191834Z_0191,s2_validate,2,Code,run_python,success,315,,
run_wf_shopify_orders_20260204T191834Z_0191,s3_create_invoice,3,QuickBooks,create_invoice,success,1060,,
run_wf_shopify_orders_20260204T191834Z_0191,s4_update_inventory,4,Shopify,update_product,success,280,,
run_wf_shopify_orders_20260204T191834Z_0191,s5_notify_warehouse,5,Slack,send_message,success,156,,
run_wf_shopify_orders_20260204T191834Z_0191,s6_update_crm,6,Salesforce,update_record,success,373,,
run_wf_shopify_orders_20260204T191834Z_0191,s7_log,7,Google Sheets,add_row,success,934,,
run_wf_shopify_orders_20260204T201123Z_0237,s1_get_order,1,Shopify,get_order,success,1027,,
run_wf_shopify_orders_20260204T201123Z_0237,s2_validate,2,Code,run_python,success,1125,,
run_wf_shopify_orders_20260204T201123Z_0237,s3_create_invoice,3,QuickBooks,create_invoice,success,407,,
run_wf_shopify_orders_20260204T201123Z_0237,s4_update_inventory,4,Shopify,update_product,success,644,,
run_wf_shopify_orders_20260204T201123Z_0237,s5_notify_warehouse,5,Slack,send_message,success,263,,
run_wf_shopify_orders_20260204T201123Z_0237,s6_update_crm,6,Salesforce,update_record,success,661,,
run_wf_shopify_orders_20260204T201123Z_0237,s7_log,7,Google Sheets,add_row,failed,1113,UNKNOWN,Transient unknown error
run_wf_lead_sync_20260204T212320Z_0071,s1_get_contact,1,HubSpot,get_contact,success,497,,
run_wf_lead_sync_20260204T212320Z_0071,s2_transform,2,Code,run_python,success,545,,
run_wf_lead_sync_20260204T212320Z_0071,s3_push_to_sf,3,Salesforce,create_lead,failed,322,BAD_INPUT,Transient bad_input error
run_wf_lead_sync_20260204T212320Z_0071,s4_notify,4,Slack,send_message,skipped,0,,
run_wf_shopify_orders_20260204T212510Z_0059,s1_get_order,1,Shopify,get_order,success,1087,,
run_wf_shopify_orders_20260204T212510Z_0059,s2_validate,2,Code,run_python,success,561,,
run_wf_shopify_orders_20260204T212510Z_0059,s3_create_invoice,3,QuickBooks,create_invoice,success,1040,,
run_wf_shopify_orders_20260204T212510Z_0059,s4_update_inventory,4,Shopify,update_product,failed,487,BAD_INPUT,Transient bad_input error
run_wf_shopify_orders_20260204T212510Z_0059,s5_notify_warehouse,5,Slack,send_message,skipped,0,,
run_wf_shopify_orders_20260204T212510Z_0059,s6_update_crm,6,Salesforce,update_record,skipped,0,,
run_wf_shopify_orders_20260204T212510Z_0059,s7_log,7,Google Sheets,add_row,skipped,0,,
run_wf_shopify_returns_20260204T213131Z_0003,s1_get_refund,1,Shopify,get_refund,success,313,,
run_wf_shopify_returns_20260204T213131Z_0003,s2_process,2,Code,run_python,success,136,,
run_wf_shopify_returns_20260204T213131Z_0003,s3_update_inventory,3,Shopify,update_product,success,248,,
run_wf_shopify_returns_20260204T213131Z_0003,s4_notify,4,Slack,send_message,success,638,,
run_wf_lead_sync_20260204T223353Z_0073,s1_get_contact,1,HubSpot,get_contact,success,400,,
run_wf_lead_sync_20260204T223353Z_0073,s2_transform,2,Code,run_python,success,314,,
run_wf_lead_sync_20260204T223353Z_0073,s3_push_to_sf,3,Salesforce,create_lead,success,322,,
run_wf_lead_sync_20260204T223353Z_0073,s4_notify,4,Slack,send_message,success,1155,,
run_wf_lead_sync_20260204T232018Z_0051,s1_get_contact,1,HubSpot,get_contact,success,487,,
run_wf_lead_sync_20260204T232018Z_0051,s2_transform,2,Code,run_python,success,447,,
run_wf_lead_sync_20260204T232018Z_0051,s3_push_to_sf,3,Salesforce,create_lead,success,285,,
run_wf_lead_sync_20260204T232018Z_0051,s4_notify,4,Slack,send_message,success,474,,
run_wf_support_router_20260204T234915Z_0088,s1_receive_ticket,1,Zendesk,get_ticket,success,115,,
run_wf_support_router_20260204T234915Z_0088,s2_classify,2,Code,run_python,success,274,,
run_wf_support_router_20260204T234915Z_0088,s3_route_slack,3,Slack,send_message,failed,265,TIMEOUT,Transient timeout error
run_wf_support_router_20260204T234915Z_0088,s4_create_task,4,Asana,create_task,skipped,0,,
run_wf_support_router_20260204T234915Z_0088,s5_log_sheet,5,Google Sheets,add_row,skipped,0,,
run_wf_lead_sync_20260204T235132Z_0004,s1_get_contact,1,HubSpot,get_contact,success,261,,
run_wf_lead_sync_20260204T235132Z_0004,s2_transform,2,Code,run_python,success,526,,
run_wf_lead_sync_20260204T235132Z_0004,s3_push_to_sf,3,Salesforce,create_lead,success,164,,
run_wf_lead_sync_20260204T235132Z_0004,s4_notify,4,Slack,send_message,failed,650,TIMEOUT,Transient timeout error
run_wf_support_router_20260205T001120Z_0105,s1_receive_ticket,1,Zendesk,get_ticket,success,269,,
run_wf_support_router_20260205T001120Z_0105,s2_classify,2,Code,run_python,success,400,,
run_wf_support_router_20260205T001120Z_0105,s3_route_slack,3,Slack,send_message,success,225,,
run_wf_support_router_20260205T001120Z_0105,s4_create_task,4,Asana,create_task,success,91,,
run_wf_support_router_20260205T001120Z_0105,s5_log_sheet,5,Google Sheets,add_row,success,458,,
run_wf_support_router_20260205T012150Z_0004,s1_receive_ticket,1,Zendesk,get_ticket,success,176,,
run_wf_support_router_20260205T012150Z_0004,s2_classify,2,Code,run_python,success,526,,
run_wf_support_router_20260205T012150Z_0004,s3_route_slack,3,Slack,send_message,failed,325,BAD_INPUT,Transient bad_input error
run_wf_support_router_20260205T012150Z_0004,s4_create_task,4,Asana,create_task,skipped,0,,
run_wf_support_router_20260205T012150Z_0004,s5_log_sheet,5,Google Sheets,add_row,skipped,0,,
run_wf_shopify_orders_20260205T013306Z_0235,s1_get_order,1,Shopify,get_order,success,397,,
run_wf_shopify_orders_20260205T013306Z_0235,s2_validate,2,Code,run_python,success,896,,
run_wf_shopify_orders_20260205T013306Z_0235,s3_create_invoice,3,QuickBooks,create_invoice,success,193,,
run_wf_shopify_orders_20260205T013306Z_0235,s4_update_inventory,4,Shopify,update_product,success,153,,
run_wf_shopify_orders_20260205T013306Z_0235,s5_notify_warehouse,5,Slack,send_message,success,188,,
run_wf_shopify_orders_20260205T013306Z_0235,s6_update_crm,6,Salesforce,update_record,success,177,,
run_wf_shopify_orders_20260205T013306Z_0235,s7_log,7,Google Sheets,add_row,success,684,,
run_wf_shopify_orders_20260205T015835Z_0179,s1_get_order,1,Shopify,get_order,success,373,,
run_wf_shopify_orders_20260205T015835Z_0179,s2_validate,2,Code,run_python,success,388,,
run_wf_shopify_orders_20260205T015835Z_0179,s3_create_invoice,3,QuickBooks,create_invoice,success,532,,
run_wf_shopify_orders_20260205T015835Z_0179,s4_update_inventory,4,Shopify,update_product,success,294,,
run_wf_shopify_orders_20260205T015835Z_0179,s5_notify_warehouse,5,Slack,send_message,success,233,,
run_wf_shopify_orders_20260205T015835Z_0179,s6_update_crm,6,Salesforce,update_record,success,448,,
run_wf_shopify_orders_20260205T015835Z_0179,s7_log,7,Google Sheets,add_row,success,819,,
run_wf_shopify_orders_20260205T015958Z_0272,s1_get_order,1,Shopify,get_order,success,333,,
run_wf_shopify_orders_20260205T015958Z_0272,s2_validate,2,Code,run_python,success,800,,
run_wf_shopify_orders_20260205T015958Z_0272,s3_create_invoice,3,QuickBooks,create_invoice,success,231,,
run_wf_shopify_orders_20260205T015958Z_0272,s4_update_inventory,4,Shopify,update_product,success,372,,
run_wf_shopify_orders_20260205T015958Z_0272,s5_notify_warehouse,5,Slack,send_message,success,138,,
run_wf_shopify_orders_20260205T015958Z_0272,s6_update_crm,6,Salesforce,update_record,success,87,,
run_wf_shopify_orders_20260205T015958Z_0272,s7_log,7,Google Sheets,add_row,success,748,,
run_wf_support_router_20260205T024222Z_0074,s1_receive_ticket,1,Zendesk,get_ticket,success,397,,
run_wf_support_router_20260205T024222Z_0074,s2_classify,2,Code,run_python,success,232,,
run_wf_support_router_20260205T024222Z_0074,s3_route_slack,3,Slack,send_message,success,160,,
run_wf_support_router_20260205T024222Z_0074,s4_create_task,4,Asana,create_task,success,128,,
run_wf_support_router_20260205T024222Z_0074,s5_log_sheet,5,Google Sheets,add_row,success,246,,
run_wf_shopify_orders_20260205T024343Z_0217,s1_get_order,1,Shopify,get_order,success,1167,,
run_wf_shopify_orders_20260205T024343Z_0217,s2_validate,2,Code,run_python,success,852,,
run_wf_shopify_orders_20260205T024343Z_0217,s3_create_invoice,3,QuickBooks,create_invoice,success,394,,
run_wf_shopify_orders_20260205T024343Z_0217,s4_update_inventory,4,Shopify,update_product,failed,804,BAD_INPUT,Transient bad_input error
run_wf_shopify_orders_20260205T024343Z_0217,s5_notify_warehouse,5,Slack,send_message,skipped,0,,
run_wf_shopify_orders_20260205T024343Z_0217,s6_update_crm,6,Salesforce,update_record,skipped,0,,
run_wf_shopify_orders_20260205T024343Z_0217,s7_log,7,Google Sheets,add_row,skipped,0,,
run_wf_lead_sync_20260205T031408Z_0027,s1_get_contact,1,HubSpot,get_contact,success,937,,
run_wf_lead_sync_20260205T031408Z_0027,s2_transform,2,Code,run_python,success,425,,
run_wf_lead_sync_20260205T031408Z_0027,s3_push_to_sf,3,Salesforce,create_lead,success,169,,
run_wf_lead_sync_20260205T031408Z_0027,s4_notify,4,Slack,send_message,success,872,,
run_wf_support_router_20260205T064645Z_0008,s1_receive_ticket,1,Zendesk,get_ticket,success,273,,
run_wf_support_router_20260205T064645Z_0008,s2_classify,2,Code,run_python,success,114,,
run_wf_support_router_20260205T064645Z_0008,s3_route_slack,3,Slack,send_message,success,147,,
run_wf_support_router_20260205T064645Z_0008,s4_create_task,4,Asana,create_task,success,128,,
run_wf_support_router_20260205T064645Z_0008,s5_log_sheet,5,Google Sheets,add_row,failed,337,INTERNAL,Transient internal error
run_wf_invoice_sync_20260205T072644Z_0021,s1_get_invoice,1,Stripe,get_invoice,success,504,,
run_wf_invoice_sync_20260205T072644Z_0021,s2_create_entry,2,QuickBooks,create_invoice,success,236,,
run_wf_invoice_sync_20260205T072644Z_0021,s3_notify,3,Slack,send_message,success,1599,,
run_wf_invoice_sync_20260205T072947Z_0011,s1_get_invoice,1,Stripe,get_invoice,success,241,,
run_wf_invoice_sync_20260205T072947Z_0011,s2_create_entry,2,QuickBooks,create_invoice,success,386,,
run_wf_invoice_sync_20260205T072947Z_0011,s3_notify,3,Slack,send_message,success,1026,,
run_wf_shopify_orders_20260205T075646Z_0038,s1_get_order,1,Shopify,get_order,success,937,,
run_wf_shopify_orders_20260205T075646Z_0038,s2_validate,2,Code,run_python,success,320,,
run_wf_shopify_orders_20260205T075646Z_0038,s3_create_invoice,3,QuickBooks,create_invoice,success,556,,
run_wf_shopify_orders_20260205T075646Z_0038,s4_update_inventory,4,Shopify,update_product,success,265,,
run_wf_shopify_orders_20260205T075646Z_0038,s5_notify_warehouse,5,Slack,send_message,success,197,,
run_wf_shopify_orders_20260205T075646Z_0038,s6_update_crm,6,Salesforce,update_record,success,347,,
run_wf_shopify_orders_20260205T075646Z_0038,s7_log,7,Google Sheets,add_row,success,902,,
run_wf_support_router_20260205T081323Z_0084,s1_receive_ticket,1,Zendesk,get_ticket,success,527,,
run_wf_support_router_20260205T081323Z_0084,s2_classify,2,Code,run_python,success,166,,
run_wf_support_router_20260205T081323Z_0084,s3_route_slack,3,Slack,send_message,success,237,,
run_wf_support_router_20260205T081323Z_0084,s4_create_task,4,Asana,create_task,success,132,,
run_wf_support_router_20260205T081323Z_0084,s5_log_sheet,5,Google Sheets,add_row,success,427,,
run_wf_shopify_orders_20260205T082700Z_0132,s1_get_order,1,Shopify,get_order,success,406,,
run_wf_shopify_orders_20260205T082700Z_0132,s2_validate,2,Code,run_python,success,472,,
run_wf_shopify_orders_20260205T082700Z_0132,s3_create_invoice,3,QuickBooks,create_invoice,success,856,,
run_wf_shopify_orders_20260205T082700Z_0132,s4_update_inventory,4,Shopify,update_product,success,903,,
run_wf_shopify_orders_20260205T082700Z_0132,s5_notify_warehouse,5,Slack,send_message,success,441,,
run_wf_shopify_orders_20260205T082700Z_0132,s6_update_crm,6,Salesforce,update_record,success,354,,
run_wf_shopify_orders_20260205T082700Z_0132,s7_log,7,Google Sheets,add_row,success,565,,
run_wf_shopify_orders_20260205T102335Z_0225,s1_get_order,1,Shopify,get_order,success,1093,,
run_wf_shopify_orders_20260205T102335Z_0225,s2_validate,2,Code,run_python,success,406,,
run_wf_shopify_orders_20260205T102335Z_0225,s3_create_invoice,3,QuickBooks,create_invoice,success,361,,
run_wf_shopify_orders_20260205T102335Z_0225,s4_update_inventory,4,Shopify,update_product,failed,251,UNKNOWN,Transient unknown error
run_wf_shopify_orders_20260205T102335Z_0225,s5_notify_warehouse,5,Slack,send_message,skipped,0,,
run_wf_shopify_orders_20260205T102335Z_0225,s6_update_crm,6,Salesforce,update_record,skipped,0,,
run_wf_shopify_orders_20260205T102335Z_0225,s7_log,7,Google Sheets,add_row,skipped,0,,
run_wf_shopify_returns_20260205T110336Z_0023,s1_get_refund,1,Shopify,get_refund,success,313,,
run_wf_shopify_returns_20260205T110336Z_0023,s2_process,2,Code,run_python,success,296,,
run_wf_shopify_returns_20260205T110336Z_0023,s3_update_inventory,3,Shopify,update_product,success,193,,
run_wf_shopify_returns_20260205T110336Z_0023,s4_notify,4,Slack,send_message,success,1298,,
run_wf_support_router_20260205T114234Z_0062,s1_receive_ticket,1,Zendesk,get_ticket,success,275,,
run_wf_support_router_20260205T114234Z_0062,s2_classify,2,Code,run_python,success,71,,
run_wf_support_router_20260205T114234Z_0062,s3_route_slack,3,Slack,send_message,success,117,,
run_wf_support_router_20260205T114234Z_0062,s4_create_task,4,Asana,create_task,success,51,,
run_wf_support_router_20260205T114234Z_0062,s5_log_sheet,5,Google Sheets,add_row,success,333,,
run_wf_support_router_20260205T120128Z_0055,s1_receive_ticket,1,Zendesk,get_ticket,success,170,,
run_wf_support_router_20260205T120128Z_0055,s2_classify,2,Code,run_python,success,140,,
run_wf_support_router_20260205T120128Z_0055,s3_route_slack,3,Slack,send_message,success,141,,
run_wf_support_router_20260205T120128Z_0055,s4_create_task,4,Asana,create_task,success,152,,
run_wf_support_router_20260205T120128Z_0055,s5_log_sheet,5,Google Sheets,add_row,success,269,,
run_wf_shopify_orders_20260205T120554Z_0130,s1_get_order,1,Shopify,get_order,failed,429,BAD_INPUT,Transient bad_input error
run_wf_shopify_orders_20260205T120554Z_0130,s2_validate,2,Code,run_python,skipped,0,,
run_wf_shopify_orders_20260205T120554Z_0130,s3_create_invoice,3,QuickBooks,create_invoice,skipped,0,,
run_wf_shopify_orders_20260205T120554Z_0130,s4_update_inventory,4,Shopify,update_product,skipped,0,,
run_wf_shopify_orders_20260205T120554Z_0130,s5_notify_warehouse,5,Slack,send_message,skipped,0,,
run_wf_shopify_orders_20260205T120554Z_0130,s6_update_crm,6,Salesforce,update_record,skipped,0,,
run_wf_shopify_orders_20260205T120554Z_0130,s7_log,7,Google Sheets,add_row,skipped,0,,
run_wf_invoice_sync_20260205T124958Z_0010,s1_get_invoice,1,Stripe,get_invoice,success,288,,
run_wf_invoice_sync_20260205T124958Z_0010,s2_create_entry,2,QuickBooks,create_invoice,success,230,,
run_wf_invoice_sync_20260205T124958Z_0010,s3_notify,3,Slack,send_message,success,948,,
run_wf_support_router_20260205T134946Z_0069,s1_receive_ticket,1,Zendesk,get_ticket,success,258,,
run_wf_support_router_20260205T134946Z_0069,s2_classify,2,Code,run_python,success,115,,
run_wf_support_router_20260205T134946Z_0069,s3_route_slack,3,Slack,send_message,success,99,,
run_wf_support_router_20260205T134946Z_0069,s4_create_task,4,Asana,create_task,success,164,,
run_wf_support_router_20260205T134946Z_0069,s5_log_sheet,5,Google Sheets,add_row,success,400,,
run_wf_support_router_20260205T142702Z_0083,s1_receive_ticket,1,Zendesk,get_ticket,success,633,,
run_wf_support_router_20260205T142702Z_0083,s2_classify,2,Code,run_python,success,306,,
run_wf_support_router_20260205T142702Z_0083,s3_route_slack,3,Slack,send_message,success,166,,
run_wf_support_router_20260205T142702Z_0083,s4_create_task,4,Asana,create_task,success,96,,
run_wf_support_router_20260205T142702Z_0083,s5_log_sheet,5,Google Sheets,add_row,success,532,,
run_wf_lead_sync_20260205T142922Z_0029,s1_get_contact,1,HubSpot,get_contact,success,385,,
run_wf_lead_sync_20260205T142922Z_0029,s2_transform,2,Code,run_python,success,191,,
run_wf_lead_sync_20260205T142922Z_0029,s3_push_to_sf,3,Salesforce,create_lead,success,339,,
run_wf_lead_sync_20260205T142922Z_0029,s4_notify,4,Slack,send_message,success,1070,,
run_wf_shopify_orders_20260205T154230Z_0203,s1_get_order,1,Shopify,get_order,success,499,,
run_wf_shopify_orders_20260205T154230Z_0203,s2_validate,2,Code,run_python,success,787,,
run_wf_shopify_orders_20260205T154230Z_0203,s3_create_invoice,3,QuickBooks,create_invoice,success,277,,
run_wf_shopify_orders_20260205T154230Z_0203,s4_update_inventory,4,Shopify,update_product,success,613,,
run_wf_shopify_orders_20260205T154230Z_0203,s5_notify_warehouse,5,Slack,send_message,success,329,,
run_wf_shopify_orders_20260205T154230Z_0203,s6_update_crm,6,Salesforce,update_record,success,225,,
run_wf_shopify_orders_20260205T154230Z_0203,s7_log,7,Google Sheets,add_row,failed,420,INTERNAL,Transient internal error
run_wf_lead_sync_20260205T155433Z_0067,s1_get_contact,1,HubSpot,get_contact,success,610,,
run_wf_lead_sync_20260205T155433Z_0067,s2_transform,2,Code,run_python,success,392,,
run_wf_lead_sync_20260205T155433Z_0067,s3_push_to_sf,3,Salesforce,create_lead,success,136,,
run_wf_lead_sync_20260205T155433Z_0067,s4_notify,4,Slack,send_message,success,964,,
run_wf_shopify_orders_20260205T164630Z_0271,s1_get_order,1,Shopify,get_order,success,948,,
run_wf_shopify_orders_20260205T164630Z_0271,s2_validate,2,Code,run_python,success,790,,
run_wf_shopify_orders_20260205T164630Z_0271,s3_create_invoice,3,QuickBooks,create_invoice,success,718,,
run_wf_shopify_orders_20260205T164630Z_0271,s4_update_inventory,4,Shopify,update_product,success,332,,
run_wf_shopify_orders_20260205T164630Z_0271,s5_notify_warehouse,5,Slack,send_message,success,207,,
run_wf_shopify_orders_20260205T164630Z_0271,s6_update_crm,6,Salesforce,update_record,success,107,,
run_wf_shopify_orders_20260205T164630Z_0271,s7_log,7,Google Sheets,add_row,success,768,,
run_wf_shopify_orders_20260205T170146Z_0037,s1_get_order,1,Shopify,get_order,success,804,,
run_wf_shopify_orders_20260205T170146Z_0037,s2_validate,2,Code,run_python,success,365,,
run_wf_shopify_orders_20260205T170146Z_0037,s3_create_invoice,3,QuickBooks,create_invoice,success,239,,
run_wf_shopify_orders_20260205T170146Z_0037,s4_update_inventory,4,Shopify,update_product,success,277,,
run_wf_shopify_orders_20260205T170146Z_0037,s5_notify_warehouse,5,Slack,send_message,success,326,,
run_wf_shopify_orders_20260205T170146Z_0037,s6_update_crm,6,Salesforce,update_record,success,133,,
run_wf_shopify_orders_20260205T170146Z_0037,s7_log,7,Google Sheets,add_row,success,442,,
run_wf_lead_sync_20260205T171805Z_0049,s1_get_contact,1,HubSpot,get_contact,failed,390,INTERNAL,Transient internal error
run_wf_lead_sync_20260205T171805Z_0049,s2_transform,2,Code,run_python,skipped,0,,
run_wf_lead_sync_20260205T171805Z_0049,s3_push_to_sf,3,Salesforce,create_lead,skipped,0,,
run_wf_lead_sync_20260205T171805Z_0049,s4_notify,4,Slack,send_message,skipped,0,,
run_wf_support_router_20260205T174544Z_0078,s1_receive_ticket,1,Zendesk,get_ticket,failed,270,UNKNOWN,Transient unknown error
run_wf_support_router_20260205T174544Z_0078,s2_classify,2,Code,run_python,skipped,0,,
run_wf_support_router_20260205T174544Z_0078,s3_route_slack,3,Slack,send_message,skipped,0,,
run_wf_support_router_20260205T174544Z_0078,s4_create_task,4,Asana,create_task,skipped,0,,
run_wf_support_router_20260205T174544Z_0078,s5_log_sheet,5,Google Sheets,add_row,skipped,0,,
run_wf_shopify_orders_20260205T180155Z_0023,s1_get_order,1,Shopify,get_order,success,902,,
run_wf_shopify_orders_20260205T180155Z_0023,s2_validate,2,Code,run_python,success,296,,
run_wf_shopify_orders_20260205T180155Z_0023,s3_create_invoice,3,QuickBooks,create_invoice,success,356,,
run_wf_shopify_orders_20260205T180155Z_0023,s4_update_inventory,4,Shopify,update_product,success,318,,
run_wf_shopify_orders_20260205T180155Z_0023,s5_notify_warehouse,5,Slack,send_message,success,118,,
run_wf_shopify_orders_20260205T180155Z_0023,s6_update_crm,6,Salesforce,update_record,success,177,,
run_wf_shopify_orders_20260205T180155Z_0023,s7_log,7,Google Sheets,add_row,success,451,,
run_wf_shopify_orders_20260205T190405Z_0118,s1_get_order,1,Shopify,get_order,success,885,,
run_wf_shopify_orders_20260205T190405Z_0118,s2_validate,2,Code,run_python,success,470,,
run_wf_shopify_orders_20260205T190405Z_0118,s3_create_invoice,3,QuickBooks,create_invoice,success,967,,
run_wf_shopify_orders_20260205T190405Z_0118,s4_update_inventory,4,Shopify,update_product,success,391,,
run_wf_shopify_orders_20260205T190405Z_0118,s5_notify_warehouse,5,Slack,send_message,success,215,,
run_wf_shopify_orders_20260205T190405Z_0118,s6_update_crm,6,Salesforce,update_record,success,207,,
run_wf_shopify_orders_20260205T190405Z_0118,s7_log,7,Google Sheets,add_row,success,941,,
run_wf_support_router_20260205T195621Z_0023,s1_receive_ticket,1,Zendesk,get_ticket,success,243,,
run_wf_support_router_20260205T195621Z_0023,s2_classify,2,Code,run_python,success,227,,
run_wf_support_router_20260205T195621Z_0023,s3_route_slack,3,Slack,send_message,success,292,,
run_wf_support_router_20260205T195621Z_0023,s4_create_task,4,Asana,create_task,success,77,,
run_wf_support_router_20260205T195621Z_0023,s5_log_sheet,5,Google Sheets,add_row,success,493,,
run_wf_shopify_orders_20260205T220200Z_0069,s1_get_order,1,Shopify,get_order,success,794,,
run_wf_shopify_orders_20260205T220200Z_0069,s2_validate,2,Code,run_python,success,865,,
run_wf_shopify_orders_20260205T220200Z_0069,s3_create_invoice,3,QuickBooks,create_invoice,success,296,,
run_wf_shopify_orders_20260205T220200Z_0069,s4_update_inventory,4,Shopify,update_product,success,538,,
run_wf_shopify_orders_20260205T220200Z_0069,s5_notify_warehouse,5,Slack,send_message,success,243,,
run_wf_shopify_orders_20260205T220200Z_0069,s6_update_crm,6,Salesforce,update_record,success,197,,
run_wf_shopify_orders_20260205T220200Z_0069,s7_log,7,Google Sheets,add_row,success,386,,
run_wf_shopify_orders_20260205T231238Z_0022,s1_get_order,1,Shopify,get_order,success,944,,
run_wf_shopify_orders_20260205T231238Z_0022,s2_validate,2,Code,run_python,success,217,,
run_wf_shopify_orders_20260205T231238Z_0022,s3_create_invoice,3,QuickBooks,create_invoice,success,284,,
run_wf_shopify_orders_20260205T231238Z_0022,s4_update_inventory,4,Shopify,update_product,success,289,,
run_wf_shopify_orders_20260205T231238Z_0022,s5_notify_warehouse,5,Slack,send_message,success,227,,
run_wf_shopify_orders_20260205T231238Z_0022,s6_update_crm,6,Salesforce,update_record,success,248,,
run_wf_shopify_orders_20260205T231238Z_0022,s7_log,7,Google Sheets,add_row,success,525,,
run_wf_shopify_orders_20260205T232551Z_0084,s1_get_order,1,Shopify,get_order,success,913,,
run_wf_shopify_orders_20260205T232551Z_0084,s2_validate,2,Code,run_python,success,487,,
run_wf_shopify_orders_20260205T232551Z_0084,s3_create_invoice,3,QuickBooks,create_invoice,success,283,,
run_wf_shopify_orders_20260205T232551Z_0084,s4_update_inventory,4,Shopify,update_product,success,319,,
run_wf_shopify_orders_20260205T232551Z_0084,s5_notify_warehouse,5,Slack,send_message,success,247,,
run_wf_shopify_orders_20260205T232551Z_0084,s6_update_crm,6,Salesforce,update_record,success,117,,
run_wf_shopify_orders_20260205T232551Z_0084,s7_log,7,Google Sheets,add_row,success,299,,
run_wf_lead_sync_20260205T234830Z_0066,s1_get_contact,1,HubSpot,get_contact,success,550,,
run_wf_lead_sync_20260205T234830Z_0066,s2_transform,2,Code,run_python,success,496,,
run_wf_lead_sync_20260205T234830Z_0066,s3_push_to_sf,3,Salesforce,create_lead,success,597,,
run_wf_lead_sync_20260205T234830Z_0066,s4_notify,4,Slack,send_message,success,1088,,
run_wf_shopify_orders_20260206T000436Z_0128,s1_get_order,1,Shopify,get_order,success,1624,,
run_wf_shopify_orders_20260206T000436Z_0128,s2_validate,2,Code,run_python,success,540,,
run_wf_shopify_orders_20260206T000436Z_0128,s3_create_invoice,3,QuickBooks,create_invoice,success,315,,
run_wf_shopify_orders_20260206T000436Z_0128,s4_update_inventory,4,Shopify,update_product,failed,758,UNKNOWN,Transient unknown error
run_wf_shopify_orders_20260206T000436Z_0128,s5_notify_warehouse,5,Slack,send_message,skipped,0,,
run_wf_shopify_orders_20260206T000436Z_0128,s6_update_crm,6,Salesforce,update_record,skipped,0,,
run_wf_shopify_orders_20260206T000436Z_0128,s7_log,7,Google Sheets,add_row,skipped,0,,
run_wf_shopify_orders_20260206T013106Z_0100,s1_get_order,1,Shopify,get_order,success,776,,
run_wf_shopify_orders_20260206T013106Z_0100,s2_validate,2,Code,run_python,success,541,,
run_wf_shopify_orders_20260206T013106Z_0100,s3_create_invoice,3,QuickBooks,create_invoice,success,414,,
run_wf_shopify_orders_20260206T013106Z_0100,s4_update_inventory,4,Shopify,update_product,success,427,,
run_wf_shopify_orders_20260206T013106Z_0100,s5_notify_warehouse,5,Slack,send_message,success,318,,
run_wf_shopify_orders_20260206T013106Z_0100,s6_update_crm,6,Salesforce,update_record,success,302,,
run_wf_shopify_orders_20260206T013106Z_0100,s7_log,7,Google Sheets,add_row,success,474,,
run_wf_shopify_orders_20260206T013711Z_0050,s1_get_order,1,Shopify,get_order,success,412,,
run_wf_shopify_orders_20260206T013711Z_0050,s2_validate,2,Code,run_python,success,369,,
run_wf_shopify_orders_20260206T013711Z_0050,s3_create_invoice,3,QuickBooks,create_invoice,success,338,,
run_wf_shopify_orders_20260206T013711Z_0050,s4_update_inventory,4,Shopify,update_product,success,830,,
run_wf_shopify_orders_20260206T013711Z_0050,s5_notify_warehouse,5,Slack,send_message,success,216,,
run_wf_shopify_orders_20260206T013711Z_0050,s6_update_crm,6,Salesforce,update_record,success,286,,
run_wf_shopify_orders_20260206T013711Z_0050,s7_log,7,Google Sheets,add_row,success,1031,,
run_wf_shopify_returns_20260206T015345Z_0025,s1_get_refund,1,Shopify,get_refund,success,1025,,
run_wf_shopify_returns_20260206T015345Z_0025,s2_process,2,Code,run_python,success,704,,
run_wf_shopify_returns_20260206T015345Z_0025,s3_update_inventory,3,Shopify,update_product,failed,141,INTERNAL,Transient internal error
run_wf_shopify_returns_20260206T015345Z_0025,s4_notify,4,Slack,send_message,skipped,0,,
run_wf_support_router_20260206T032755Z_0073,s1_receive_ticket,1,Zendesk,get_ticket,success,271,,
run_wf_support_router_20260206T032755Z_0073,s2_classify,2,Code,run_python,success,425,,
run_wf_support_router_20260206T032755Z_0073,s3_route_slack,3,Slack,send_message,success,210,,
run_wf_support_router_20260206T032755Z_0073,s4_create_task,4,Asana,create_task,success,222,,
run_wf_support_router_20260206T032755Z_0073,s5_log_sheet,5,Google Sheets,add_row,success,345,,
run_wf_support_router_20260206T041124Z_0019,s1_receive_ticket,1,Zendesk,get_ticket,success,404,,
run_wf_support_router_20260206T041124Z_0019,s2_classify,2,Code,run_python,success,165,,
run_wf_support_router_20260206T041124Z_0019,s3_route_slack,3,Slack,send_message,success,162,,
run_wf_support_router_20260206T041124Z_0019,s4_create_task,4,Asana,create_task,success,164,,
run_wf_support_router_20260206T041124Z_0019,s5_log_sheet,5,Google Sheets,add_row,success,522,,
run_wf_lead_sync_20260206T041446Z_0026,s1_get_contact,1,HubSpot,get_contact,success,585,,
run_wf_lead_sync_20260206T041446Z_0026,s2_transform,2,Code,run_python,success,635,,
run_wf_lead_sync_20260206T041446Z_0026,s3_push_to_sf,3,Salesforce,create_lead,success,393,,
run_wf_lead_sync_20260206T041446Z_0026,s4_notify,4,Slack,send_message,success,768,,
run_wf_shopify_orders_20260206T043926Z_0086,s1_get_order,1,Shopify,get_order,success,1760,,
run_wf_shopify_orders_20260206T043926Z_0086,s2_validate,2,Code,run_python,success,1243,,
run_wf_shopify_orders_20260206T043926Z_0086,s3_create_invoice,3,QuickBooks,create_invoice,success,457,,
run_wf_shopify_orders_20260206T043926Z_0086,s4_update_inventory,4,Shopify,update_product,success,336,,
run_wf_shopify_orders_20260206T043926Z_0086,s5_notify_warehouse,5,Slack,send_message,success,363,,
run_wf_shopify_orders_20260206T043926Z_0086,s6_update_crm,6,Salesforce,update_record,success,429,,
run_wf_shopify_orders_20260206T043926Z_0086,s7_log,7,Google Sheets,add_row,success,660,,
run_wf_lead_sync_20260206T094404Z_0065,s1_get_contact,1,HubSpot,get_contact,success,340,,
run_wf_lead_sync_20260206T094404Z_0065,s2_transform,2,Code,run_python,success,875,,
run_wf_lead_sync_20260206T094404Z_0065,s3_push_to_sf,3,Salesforce,create_lead,success,166,,
run_wf_lead_sync_20260206T094404Z_0065,s4_notify,4,Slack,send_message,success,1226,,
run_wf_shopify_orders_20260206T103144Z_0067,s1_get_order,1,Shopify,get_order,success,614,,
run_wf_shopify_orders_20260206T103144Z_0067,s2_validate,2,Code,run_python,success,1322,,
run_wf_shopify_orders_20260206T103144Z_0067,s3_create_invoice,3,QuickBooks,create_invoice,success,243,,
run_wf_shopify_orders_20260206T103144Z_0067,s4_update_inventory,4,Shopify,update_product,success,341,,
run_wf_shopify_orders_20260206T103144Z_0067,s5_notify_warehouse,5,Slack,send_message,success,369,,
run_wf_shopify_orders_20260206T103144Z_0067,s6_update_crm,6,Salesforce,update_record,success,404,,
run_wf_shopify_orders_20260206T103144Z_0067,s7_log,7,Google Sheets,add_row,success,870,,
run_wf_shopify_orders_20260206T114859Z_0217,s1_get_order,1,Shopify,get_order,success,1181,,
run_wf_shopify_orders_20260206T114859Z_0217,s2_validate,2,Code,run_python,success,962,,
run_wf_shopify_orders_20260206T114859Z_0217,s3_create_invoice,3,QuickBooks,create_invoice,success,314,,
run_wf_shopify_orders_20260206T114859Z_0217,s4_update_inventory,4,Shopify,update_product,success,293,,
run_wf_shopify_orders_20260206T114859Z_0217,s5_notify_warehouse,5,Slack,send_message,success,410,,
run_wf_shopify_orders_20260206T114859Z_0217,s6_update_crm,6,Salesforce,update_record,success,355,,
run_wf_shopify_orders_20260206T114859Z_0217,s7_log,7,Google Sheets,add_row,success,623,,
run_wf_shopify_orders_20260206T121703Z_0205,s1_get_order,1,Shopify,get_order,success,403,,
run_wf_shopify_orders_20260206T121703Z_0205,s2_validate,2,Code,run_python,success,718,,
run_wf_shopify_orders_20260206T121703Z_0205,s3_create_invoice,3,QuickBooks,create_invoice,success,279,,
run_wf_shopify_orders_20260206T121703Z_0205,s4_update_inventory,4,Shopify,update_product,success,336,,
run_wf_shopify_orders_20260206T121703Z_0205,s5_notify_warehouse,5,Slack,send_message,success,691,,
run_wf_shopify_orders_20260206T121703Z_0205,s6_update_crm,6,Salesforce,update_record,success,140,,
run_wf_shopify_orders_20260206T121703Z_0205,s7_log,7,Google Sheets,add_row,success,1210,,
run_wf_shopify_orders_20260206T130251Z_0079,s1_get_order,1,Shopify,get_order,success,927,,
run_wf_shopify_orders_20260206T130251Z_0079,s2_validate,2,Code,run_python,failed,454,UNKNOWN,Transient unknown error
run_wf_shopify_orders_20260206T130251Z_0079,s3_create_invoice,3,QuickBooks,create_invoice,skipped,0,,
run_wf_shopify_orders_20260206T130251Z_0079,s4_update_inventory,4,Shopify,update_product,skipped,0,,
run_wf_shopify_orders_20260206T130251Z_0079,s5_notify_warehouse,5,Slack,send_message,skipped,0,,
run_wf_shopify_orders_20260206T130251Z_0079,s6_update_crm,6,Salesforce,update_record,skipped,0,,
run_wf_shopify_orders_20260206T130251Z_0079,s7_log,7,Google Sheets,add_row,skipped,0,,
run_wf_shopify_orders_20260206T133917Z_0058,s1_get_order,1,Shopify,get_order,success,574,,
run_wf_shopify_orders_20260206T133917Z_0058,s2_validate,2,Code,run_python,success,960,,
run_wf_shopify_orders_20260206T133917Z_0058,s3_create_invoice,3,QuickBooks,create_invoice,success,724,,
run_wf_shopify_orders_20260206T133917Z_0058,s4_update_inventory,4,Shopify,update_product,success,288,,
run_wf_shopify_orders_20260206T133917Z_0058,s5_notify_warehouse,5,Slack,send_message,success,138,,
run_wf_shopify_orders_20260206T133917Z_0058,s6_update_crm,6,Salesforce,update_record,success,171,,
run_wf_shopify_orders_20260206T133917Z_0058,s7_log,7,Google Sheets,add_row,success,549,,
run_wf_support_router_20260206T140925Z_0024,s1_receive_ticket,1,Zendesk,get_ticket,failed,349,INTERNAL,Transient internal error
run_wf_support_router_20260206T140925Z_0024,s2_classify,2,Code,run_python,skipped,0,,
run_wf_support_router_20260206T140925Z_0024,s3_route_slack,3,Slack,send_message,skipped,0,,
run_wf_support_router_20260206T140925Z_0024,s4_create_task,4,Asana,create_task,skipped,0,,
run_wf_support_router_20260206T140925Z_0024,s5_log_sheet,5,Google Sheets,add_row,skipped,0,,
run_wf_shopify_orders_20260206T141149Z_0143,s1_get_order,1,Shopify,get_order,success,907,,
run_wf_shopify_orders_20260206T141149Z_0143,s2_validate,2,Code,run_python,success,894,,
run_wf_shopify_orders_20260206T141149Z_0143,s3_create_invoice,3,QuickBooks,create_invoice,failed,307,INTERNAL,Transient internal error
run_wf_shopify_orders_20260206T141149Z_0143,s4_update_inventory,4,Shopify,update_product,skipped,0,,
run_wf_shopify_orders_20260206T141149Z_0143,s5_notify_warehouse,5,Slack,send_message,skipped,0,,
run_wf_shopify_orders_20260206T141149Z_0143,s6_update_crm,6,Salesforce,update_record,skipped,0,,
run_wf_shopify_orders_20260206T141149Z_0143,s7_log,7,Google Sheets,add_row,skipped,0,,
run_wf_shopify_orders_20260206T143521Z_0039,s1_get_order,1,Shopify,get_order,success,321,,
run_wf_shopify_orders_20260206T143521Z_0039,s2_validate,2,Code,run_python,success,489,,
run_wf_shopify_orders_20260206T143521Z_0039,s3_create_invoice,3,QuickBooks,create_invoice,success,349,,
run_wf_shopify_orders_20260206T143521Z_0039,s4_update_inventory,4,Shopify,update_product,success,217,,
run_wf_shopify_orders_20260206T143521Z_0039,s5_notify_warehouse,5,Slack,send_message,success,458,,
run_wf_shopify_orders_20260206T143521Z_0039,s6_update_crm,6,Salesforce,update_record,success,286,,
run_wf_shopify_orders_20260206T143521Z_0039,s7_log,7,Google Sheets,add_row,success,519,,
run_wf_shopify_orders_20260206T155215Z_0022,s1_get_order,1,Shopify,get_order,success,458,,
run_wf_shopify_orders_20260206T155215Z_0022,s2_validate,2,Code,run_python,success,716,,
run_wf_shopify_orders_20260206T155215Z_0022,s3_create_invoice,3,QuickBooks,create_invoice,success,231,,
run_wf_shopify_orders_20260206T155215Z_0022,s4_update_inventory,4,Shopify,update_product,success,647,,
run_wf_shopify_orders_20260206T155215Z_0022,s5_notify_warehouse,5,Slack,send_message,success,243,,
run_wf_shopify_orders_20260206T155215Z_0022,s6_update_crm,6,Salesforce,update_record,success,125,,
run_wf_shopify_orders_20260206T155215Z_0022,s7_log,7,Google Sheets,add_row,success,893,,
run_wf_shopify_returns_20260206T161015Z_0023,s1_get_refund,1,Shopify,get_refund,success,394,,
run_wf_shopify_returns_20260206T161015Z_0023,s2_process,2,Code,run_python,success,418,,
run_wf_shopify_returns_20260206T161015Z_0023,s3_update_inventory,3,Shopify,update_product,success,241,,
run_wf_shopify_returns_20260206T161015Z_0023,s4_notify,4,Slack,send_message,success,1208,,
run_wf_support_router_20260206T161215Z_0074,s1_receive_ticket,1,Zendesk,get_ticket,success,331,,
run_wf_support_router_20260206T161215Z_0074,s2_classify,2,Code,run_python,success,120,,
run_wf_support_router_20260206T161215Z_0074,s3_route_slack,3,Slack,send_message,success,229,,
run_wf_support_router_20260206T161215Z_0074,s4_create_task,4,Asana,create_task,failed,65,BAD_INPUT,Transient bad_input error
run_wf_support_router_20260206T161215Z_0074,s5_log_sheet,5,Google Sheets,add_row,skipped,0,,
run_wf_support_router_20260206T163746Z_0118,s1_receive_ticket,1,Zendesk,get_ticket,success,239,,
run_wf_support_router_20260206T163746Z_0118,s2_classify,2,Code,run_python,success,143,,
run_wf_support_router_20260206T163746Z_0118,s3_route_slack,3,Slack,send_message,success,155,,
run_wf_support_router_20260206T163746Z_0118,s4_create_task,4,Asana,create_task,success,88,,
run_wf_support_router_20260206T163746Z_0118,s5_log_sheet,5,Google Sheets,add_row,failed,266,INTERNAL,Transient internal error
run_wf_shopify_orders_20260206T173111Z_0077,s1_get_order,1,Shopify,get_order,success,511,,
run_wf_shopify_orders_20260206T173111Z_0077,s2_validate,2,Code,run_python,success,936,,
run_wf_shopify_orders_20260206T173111Z_0077,s3_create_invoice,3,QuickBooks,create_invoice,success,262,,
run_wf_shopify_orders_20260206T173111Z_0077,s4_update_inventory,4,Shopify,update_product,success,221,,
run_wf_shopify_orders_20260206T173111Z_0077,s5_notify_warehouse,5,Slack,send_message,success,304,,
run_wf_shopify_orders_20260206T173111Z_0077,s6_update_crm,6,Salesforce,update_record,success,149,,
run_wf_shopify_orders_20260206T173111Z_0077,s7_log,7,Google Sheets,add_row,success,591,,
run_wf_shopify_orders_20260206T184933Z_0075,s1_get_order,1,Shopify,get_order,failed,755,BAD_INPUT,Transient bad_input error
run_wf_shopify_orders_20260206T184933Z_0075,s2_validate,2,Code,run_python,skipped,0,,
run_wf_shopify_orders_20260206T184933Z_0075,s3_create_invoice,3,QuickBooks,create_invoice,skipped,0,,
run_wf_shopify_orders_20260206T184933Z_0075,s4_update_inventory,4,Shopify,update_product,skipped,0,,
run_wf_shopify_orders_20260206T184933Z_0075,s5_notify_warehouse,5,Slack,send_message,skipped,0,,
run_wf_shopify_orders_20260206T184933Z_0075,s6_update_crm,6,Salesforce,update_record,skipped,0,,
run_wf_shopify_orders_20260206T184933Z_0075,s7_log,7,Google Sheets,add_row,skipped,0,,
run_wf_lead_sync_20260206T193412Z_0031,s1_get_contact,1,HubSpot,get_contact,failed,496,UNKNOWN,Transient unknown error
run_wf_lead_sync_20260206T193412Z_0031,s2_transform,2,Code,run_python,skipped,0,,
run_wf_lead_sync_20260206T193412Z_0031,s3_push_to_sf,3,Salesforce,create_lead,skipped,0,,
run_wf_lead_sync_20260206T193412Z_0031,s4_notify,4,Slack,send_message,skipped,0,,
run_wf_shopify_orders_20260206T200213Z_0136,s1_get_order,1,Shopify,get_order,success,707,,
run_wf_shopify_orders_20260206T200213Z_0136,s2_validate,2,Code,run_python,success,349,,
run_wf_shopify_orders_20260206T200213Z_0136,s3_create_invoice,3,QuickBooks,create_invoice,success,240,,
run_wf_shopify_orders_20260206T200213Z_0136,s4_update_inventory,4,Shopify,update_product,success,444,,
run_wf_shopify_orders_20260206T200213Z_0136,s5_notify_warehouse,5,Slack,send_message,success,307,,
run_wf_shopify_orders_20260206T200213Z_0136,s6_update_crm,6,Salesforce,update_record,success,207,,
run_wf_shopify_orders_20260206T200213Z_0136,s7_log,7,Google Sheets,add_row,success,619,,
run_wf_shopify_orders_20260206T200830Z_0010,s1_get_order,1,Shopify,get_order,success,908,,
run_wf_shopify_orders_20260206T200830Z_0010,s2_validate,2,Code,run_python,success,787,,
run_wf_shopify_orders_20260206T200830Z_0010,s3_create_invoice,3,QuickBooks,create_invoice,success,308,,
run_wf_shopify_orders_20260206T200830Z_0010,s4_update_inventory,4,Shopify,update_product,success,330,,
run_wf_shopify_orders_20260206T200830Z_0010,s5_notify_warehouse,5,Slack,send_message,success,270,,
run_wf_shopify_orders_20260206T200830Z_0010,s6_update_crm,6,Salesforce,update_record,success,134,,
run_wf_shopify_orders_20260206T200830Z_0010,s7_log,7,Google Sheets,add_row,success,794,,
run_wf_support_router_20260206T205540Z_0033,s1_receive_ticket,1,Zendesk,get_ticket,success,353,,
run_wf_support_router_20260206T205540Z_0033,s2_classify,2,Code,run_python,success,140,,
run_wf_support_router_20260206T205540Z_0033,s3_route_slack,3,Slack,send_message,success,152,,
run_wf_support_router_20260206T205540Z_0033,s4_create_task,4,Asana,create_task,success,137,,
run_wf_support_router_20260206T205540Z_0033,s5_log_sheet,5,Google Sheets,add_row,success,303,,
run_wf_invoice_sync_20260206T212312Z_0025,s1_get_invoice,1,Stripe,get_invoice,success,336,,
run_wf_invoice_sync_20260206T212312Z_0025,s2_create_entry,2,QuickBooks,create_invoice,success,631,,
run_wf_invoice_sync_20260206T212312Z_0025,s3_notify,3,Slack,send_message,success,977,,
run_wf_shopify_orders_20260206T212342Z_0169,s1_get_order,1,Shopify,get_order,success,1307,,
run_wf_shopify_orders_20260206T212342Z_0169,s2_validate,2,Code,run_python,success,856,,
run_wf_shopify_orders_20260206T212342Z_0169,s3_create_invoice,3,QuickBooks,create_invoice,success,465,,
run_wf_shopify_orders_20260206T212342Z_0169,s4_update_inventory,4,Shopify,update_product,success,340,,
run_wf_shopify_orders_20260206T212342Z_0169,s5_notify_warehouse,5,Slack,send_message,success,146,,
run_wf_shopify_orders_20260206T212342Z_0169,s6_update_crm,6,Salesforce,update_record,success,177,,
run_wf_shopify_orders_20260206T212342Z_0169,s7_log,7,Google Sheets,add_row,success,415,,
run_wf_shopify_returns_20260206T225625Z_0007,s1_get_refund,1,Shopify,get_refund,success,762,,
run_wf_shopify_returns_20260206T225625Z_0007,s2_process,2,Code,run_python,failed,381,TIMEOUT,Transient timeout error
run_wf_shopify_returns_20260206T225625Z_0007,s3_update_inventory,3,Shopify,update_product,skipped,0,,
run_wf_shopify_returns_20260206T225625Z_0007,s4_notify,4,Slack,send_message,skipped,0,,
run_wf_shopify_orders_20260206T225656Z_0019,s1_get_order,1,Shopify,get_order,success,444,,
run_wf_shopify_orders_20260206T225656Z_0019,s2_validate,2,Code,run_python,success,709,,
run_wf_shopify_orders_20260206T225656Z_0019,s3_create_invoice,3,QuickBooks,create_invoice,success,458,,
run_wf_shopify_orders_20260206T225656Z_0019,s4_update_inventory,4,Shopify,update_product,success,365,,
run_wf_shopify_orders_20260206T225656Z_0019,s5_notify_warehouse,5,Slack,send_message,success,238,,
run_wf_shopify_orders_20260206T225656Z_0019,s6_update_crm,6,Salesforce,update_record,success,155,,
run_wf_shopify_orders_20260206T225656Z_0019,s7_log,7,Google Sheets,add_row,success,401,,
run_wf_lead_sync_20260206T225849Z_0085,s1_get_contact,1,HubSpot,get_contact,success,292,,
run_wf_lead_sync_20260206T225849Z_0085,s2_transform,2,Code,run_python,success,302,,
run_wf_lead_sync_20260206T225849Z_0085,s3_push_to_sf,3,Salesforce,create_lead,success,234,,
run_wf_lead_sync_20260206T225849Z_0085,s4_notify,4,Slack,send_message,success,917,,
run_wf_lead_sync_20260206T234037Z_0025,s1_get_contact,1,HubSpot,get_contact,success,540,,
run_wf_lead_sync_20260206T234037Z_0025,s2_transform,2,Code,run_python,success,349,,
run_wf_lead_sync_20260206T234037Z_0025,s3_push_to_sf,3,Salesforce,create_lead,success,121,,
run_wf_lead_sync_20260206T234037Z_0025,s4_notify,4,Slack,send_message,success,572,,
run_wf_sheet_backup_20260207T004936Z_0002,s1_get_row,1,Google Sheets,get_row,success,91,,
run_wf_sheet_backup_20260207T004936Z_0002,s2_backup,2,Google Drive,upload_file,failed,356,INTERNAL,Transient internal error
run_wf_shopify_orders_20260207T014905Z_0225,s1_get_order,1,Shopify,get_order,success,1130,,
run_wf_shopify_orders_20260207T014905Z_0225,s2_validate,2,Code,run_python,success,420,,
run_wf_shopify_orders_20260207T014905Z_0225,s3_create_invoice,3,QuickBooks,create_invoice,success,333,,
run_wf_shopify_orders_20260207T014905Z_0225,s4_update_inventory,4,Shopify,update_product,failed,439,UNKNOWN,Transient unknown error
run_wf_shopify_orders_20260207T014905Z_0225,s5_notify_warehouse,5,Slack,send_message,skipped,0,,
run_wf_shopify_orders_20260207T014905Z_0225,s6_update_crm,6,Salesforce,update_record,skipped,0,,
run_wf_shopify_orders_20260207T014905Z_0225,s7_log,7,Google Sheets,add_row,skipped,0,,
run_wf_shopify_returns_20260207T015704Z_0019,s1_get_refund,1,Shopify,get_refund,failed,517,BAD_INPUT,Transient bad_input error
run_wf_shopify_returns_20260207T015704Z_0019,s2_process,2,Code,run_python,skipped,0,,
run_wf_shopify_returns_20260207T015704Z_0019,s3_update_inventory,3,Shopify,update_product,skipped,0,,
run_wf_shopify_returns_20260207T015704Z_0019,s4_notify,4,Slack,send_message,skipped,0,,
run_wf_shopify_orders_20260207T023927Z_0244,s1_get_order,1,Shopify,get_order,success,493,,
run_wf_shopify_orders_20260207T023927Z_0244,s2_validate,2,Code,run_python,success,1055,,
run_wf_shopify_orders_20260207T023927Z_0244,s3_create_invoice,3,QuickBooks,create_invoice,success,265,,
run_wf_shopify_orders_20260207T023927Z_0244,s4_update_inventory,4,Shopify,update_product,success,535,,
run_wf_shopify_orders_20260207T023927Z_0244,s5_notify_warehouse,5,Slack,send_message,success,142,,
run_wf_shopify_orders_20260207T023927Z_0244,s6_update_crm,6,Salesforce,update_record,success,250,,
run_wf_shopify_orders_20260207T023927Z_0244,s7_log,7,Google Sheets,add_row,success,914,,
run_wf_support_router_20260207T024958Z_0045,s1_receive_ticket,1,Zendesk,get_ticket,success,390,,
run_wf_support_router_20260207T024958Z_0045,s2_classify,2,Code,run_python,success,290,,
run_wf_support_router_20260207T024958Z_0045,s3_route_slack,3,Slack,send_message,success,328,,
run_wf_support_router_20260207T024958Z_0045,s4_create_task,4,Asana,create_task,success,114,,
run_wf_support_router_20260207T024958Z_0045,s5_log_sheet,5,Google Sheets,add_row,success,382,,
run_wf_shopify_returns_20260207T025055Z_0004,s1_get_refund,1,Shopify,get_refund,success,533,,
run_wf_shopify_returns_20260207T025055Z_0004,s2_process,2,Code,run_python,success,1196,,
run_wf_shopify_returns_20260207T025055Z_0004,s3_update_inventory,3,Shopify,update_product,success,753,,
run_wf_shopify_returns_20260207T025055Z_0004,s4_notify,4,Slack,send_message,success,1279,,
run_wf_shopify_orders_20260207T031551Z_0088,s1_get_order,1,Shopify,get_order,success,660,,
run_wf_shopify_orders_20260207T031551Z_0088,s2_validate,2,Code,run_python,success,265,,
run_wf_shopify_orders_20260207T031551Z_0088,s3_create_invoice,3,QuickBooks,create_invoice,success,439,,
run_wf_shopify_orders_20260207T031551Z_0088,s4_update_inventory,4,Shopify,update_product,success,221,,
run_wf_shopify_orders_20260207T031551Z_0088,s5_notify_warehouse,5,Slack,send_message,success,262,,
run_wf_shopify_orders_20260207T031551Z_0088,s6_update_crm,6,Salesforce,update_record,success,85,,
run_wf_shopify_orders_20260207T031551Z_0088,s7_log,7,Google Sheets,add_row,success,315,,
run_wf_shopify_orders_20260207T032018Z_0219,s1_get_order,1,Shopify,get_order,success,836,,
run_wf_shopify_orders_20260207T032018Z_0219,s2_validate,2,Code,run_python,success,554,,
run_wf_shopify_orders_20260207T032018Z_0219,s3_create_invoice,3,QuickBooks,create_invoice,success,455,,
run_wf_shopify_orders_20260207T032018Z_0219,s4_update_inventory,4,Shopify,update_product,success,207,,
run_wf_shopify_orders_20260207T032018Z_0219,s5_notify_warehouse,5,Slack,send_message,success,241,,
run_wf_shopify_orders_20260207T032018Z_0219,s6_update_crm,6,Salesforce,update_record,success,112,,
run_wf_shopify_orders_20260207T032018Z_0219,s7_log,7,Google Sheets,add_row,success,458,,
run_wf_shopify_orders_20260207T033813Z_0013,s1_get_order,1,Shopify,get_order,success,736,,
run_wf_shopify_orders_20260207T033813Z_0013,s2_validate,2,Code,run_python,success,1174,,
run_wf_shopify_orders_20260207T033813Z_0013,s3_create_invoice,3,QuickBooks,create_invoice,success,356,,
run_wf_shopify_orders_20260207T033813Z_0013,s4_update_inventory,4,Shopify,update_product,success,323,,
run_wf_shopify_orders_20260207T033813Z_0013,s5_notify_warehouse,5,Slack,send_message,success,336,,
run_wf_shopify_orders_20260207T033813Z_0013,s6_update_crm,6,Salesforce,update_record,success,384,,
run_wf_shopify_orders_20260207T033813Z_0013,s7_log,7,Google Sheets,add_row,success,826,,
run_wf_shopify_orders_20260207T033842Z_0000,s1_get_order,1,Shopify,get_order,success,1032,,
run_wf_shopify_orders_20260207T033842Z_0000,s2_validate,2,Code,run_python,success,660,,
run_wf_shopify_orders_20260207T033842Z_0000,s3_create_invoice,3,QuickBooks,create_invoice,success,180,,
run_wf_shopify_orders_20260207T033842Z_0000,s4_update_inventory,4,Shopify,update_product,success,186,,
run_wf_shopify_orders_20260207T033842Z_0000,s5_notify_warehouse,5,Slack,send_message,success,167,,
run_wf_shopify_orders_20260207T033842Z_0000,s6_update_crm,6,Salesforce,update_record,success,120,,
run_wf_shopify_orders_20260207T033842Z_0000,s7_log,7,Google Sheets,add_row,success,344,,
run_wf_lead_sync_20260207T035406Z_0002,s1_get_contact,1,HubSpot,get_contact,success,236,,
run_wf_lead_sync_20260207T035406Z_0002,s2_transform,2,Code,run_python,success,263,,
run_wf_lead_sync_20260207T035406Z_0002,s3_push_to_sf,3,Salesforce,create_lead,success,248,,
run_wf_lead_sync_20260207T035406Z_0002,s4_notify,4,Slack,send_message,failed,1268,TIMEOUT,Transient timeout error
run_wf_lead_sync_20260207T042309Z_0024,s1_get_contact,1,HubSpot,get_contact,success,299,,
run_wf_lead_sync_20260207T042309Z_0024,s2_transform,2,Code,run_python,success,481,,
run_wf_lead_sync_20260207T042309Z_0024,s3_push_to_sf,3,Salesforce,create_lead,success,225,,
run_wf_lead_sync_20260207T042309Z_0024,s4_notify,4,Slack,send_message,success,1723,,
run_wf_shopify_orders_20260207T042352Z_0174,s1_get_order,1,Shopify,get_order,success,459,,
run_wf_shopify_orders_20260207T042352Z_0174,s2_validate,2,Code,run_python,success,593,,
run_wf_shopify_orders_20260207T042352Z_0174,s3_create_invoice,3,QuickBooks,create_invoice,success,350,,
run_wf_shopify_orders_20260207T042352Z_0174,s4_update_inventory,4,Shopify,update_product,success,430,,
run_wf_shopify_orders_20260207T042352Z_0174,s5_notify_warehouse,5,Slack,send_message,success,599,,
run_wf_shopify_orders_20260207T042352Z_0174,s6_update_crm,6,Salesforce,update_record,success,391,,
run_wf_shopify_orders_20260207T042352Z_0174,s7_log,7,Google Sheets,add_row,success,793,,
run_wf_invoice_sync_20260207T042355Z_0017,s1_get_invoice,1,Stripe,get_invoice,success,142,,
run_wf_invoice_sync_20260207T042355Z_0017,s2_create_entry,2,QuickBooks,create_invoice,success,442,,
run_wf_invoice_sync_20260207T042355Z_0017,s3_notify,3,Slack,send_message,success,738,,
run_wf_shopify_orders_20260207T050141Z_0070,s1_get_order,1,Shopify,get_order,success,1146,,
run_wf_shopify_orders_20260207T050141Z_0070,s2_validate,2,Code,run_python,success,384,,
run_wf_shopify_orders_20260207T050141Z_0070,s3_create_invoice,3,QuickBooks,create_invoice,success,336,,
run_wf_shopify_orders_20260207T050141Z_0070,s4_update_inventory,4,Shopify,update_product,success,573,,
run_wf_shopify_orders_20260207T050141Z_0070,s5_notify_warehouse,5,Slack,send_message,success,628,,
run_wf_shopify_orders_20260207T050141Z_0070,s6_update_crm,6,Salesforce,update_record,success,215,,
run_wf_shopify_orders_20260207T050141Z_0070,s7_log,7,Google Sheets,add_row,success,794,,
run_wf_shopify_orders_20260207T055407Z_0056,s1_get_order,1,Shopify,get_order,failed,568,TIMEOUT,Transient timeout error
run_wf_shopify_orders_20260207T055407Z_0056,s2_validate,2,Code,run_python,skipped,0,,
run_wf_shopify_orders_20260207T055407Z_0056,s3_create_invoice,3,QuickBooks,create_invoice,skipped,0,,
run_wf_shopify_orders_20260207T055407Z_0056,s4_update_inventory,4,Shopify,update_product,skipped,0,,
run_wf_shopify_orders_20260207T055407Z_0056,s5_notify_warehouse,5,Slack,send_message,skipped,0,,
run_wf_shopify_orders_20260207T055407Z_0056,s6_update_crm,6,Salesforce,update_record,skipped,0,,
run_wf_shopify_orders_20260207T055407Z_0056,s7_log,7,Google Sheets,add_row,skipped,0,,
run_wf_support_router_20260207T061928Z_0027,s1_receive_ticket,1,Zendesk,get_ticket,success,245,,
run_wf_support_router_20260207T061928Z_0027,s2_classify,2,Code,run_python,success,210,,
run_wf_support_router_20260207T061928Z_0027,s3_route_slack,3,Slack,send_message,success,138,,
run_wf_support_router_20260207T061928Z_0027,s4_create_task,4,Asana,create_task,success,65,,
run_wf_support_router_20260207T061928Z_0027,s5_log_sheet,5,Google Sheets,add_row,success,189,,
run_wf_shopify_orders_20260207T062046Z_0169,s1_get_order,1,Shopify,get_order,success,1700,,
run_wf_shopify_orders_20260207T062046Z_0169,s2_validate,2,Code,run_python,success,1017,,
run_wf_shopify_orders_20260207T062046Z_0169,s3_create_invoice,3,QuickBooks,create_invoice,success,611,,
run_wf_shopify_orders_20260207T062046Z_0169,s4_update_inventory,4,Shopify,update_product,success,416,,
run_wf_shopify_orders_20260207T062046Z_0169,s5_notify_warehouse,5,Slack,send_message,success,238,,
run_wf_shopify_orders_20260207T062046Z_0169,s6_update_crm,6,Salesforce,update_record,failed,166,UNKNOWN,Transient unknown error
run_wf_shopify_orders_20260207T062046Z_0169,s7_log,7,Google Sheets,add_row,skipped,0,,
run_wf_shopify_orders_20260207T062656Z_0005,s1_get_order,1,Shopify,get_order,success,809,,
run_wf_shopify_orders_20260207T062656Z_0005,s2_validate,2,Code,run_python,success,1172,,
run_wf_shopify_orders_20260207T062656Z_0005,s3_create_invoice,3,QuickBooks,create_invoice,success,1161,,
run_wf_shopify_orders_20260207T062656Z_0005,s4_update_inventory,4,Shopify,update_product,success,477,,
run_wf_shopify_orders_20260207T062656Z_0005,s5_notify_warehouse,5,Slack,send_message,success,344,,
run_wf_shopify_orders_20260207T062656Z_0005,s6_update_crm,6,Salesforce,update_record,success,182,,
run_wf_shopify_orders_20260207T062656Z_0005,s7_log,7,Google Sheets,add_row,success,798,,
run_wf_lead_sync_20260207T063548Z_0023,s1_get_contact,1,HubSpot,get_contact,success,298,,
run_wf_lead_sync_20260207T063548Z_0023,s2_transform,2,Code,run_python,success,317,,
run_wf_lead_sync_20260207T063548Z_0023,s3_push_to_sf,3,Salesforce,create_lead,success,288,,
run_wf_lead_sync_20260207T063548Z_0023,s4_notify,4,Slack,send_message,success,1392,,
run_wf_shopify_orders_20260207T064628Z_0049,s1_get_order,1,Shopify,get_order,success,605,,
run_wf_shopify_orders_20260207T064628Z_0049,s2_validate,2,Code,run_python,success,473,,
run_wf_shopify_orders_20260207T064628Z_0049,s3_create_invoice,3,QuickBooks,create_invoice,success,438,,
run_wf_shopify_orders_20260207T064628Z_0049,s4_update_inventory,4,Shopify,update_product,success,470,,
run_wf_shopify_orders_20260207T064628Z_0049,s5_notify_warehouse,5,Slack,send_message,success,199,,
run_wf_shopify_orders_20260207T064628Z_0049,s6_update_crm,6,Salesforce,update_record,success,127,,
run_wf_shopify_orders_20260207T064628Z_0049,s7_log,7,Google Sheets,add_row,success,498,,
run_wf_support_router_20260207T073136Z_0106,s1_receive_ticket,1,Zendesk,get_ticket,success,463,,
run_wf_support_router_20260207T073136Z_0106,s2_classify,2,Code,run_python,success,236,,
run_wf_support_router_20260207T073136Z_0106,s3_route_slack,3,Slack,send_message,success,161,,
run_wf_support_router_20260207T073136Z_0106,s4_create_task,4,Asana,create_task,failed,82,BAD_INPUT,Transient bad_input error
run_wf_support_router_20260207T073136Z_0106,s5_log_sheet,5,Google Sheets,add_row,skipped,0,,
run_wf_shopify_orders_20260207T080153Z_0231,s1_get_order,1,Shopify,get_order,success,843,,
run_wf_shopify_orders_20260207T080153Z_0231,s2_validate,2,Code,run_python,success,819,,
run_wf_shopify_orders_20260207T080153Z_0231,s3_create_invoice,3,QuickBooks,create_invoice,success,264,,
run_wf_shopify_orders_20260207T080153Z_0231,s4_update_inventory,4,Shopify,update_product,success,435,,
run_wf_shopify_orders_20260207T080153Z_0231,s5_notify_warehouse,5,Slack,send_message,success,103,,
run_wf_shopify_orders_20260207T080153Z_0231,s6_update_crm,6,Salesforce,update_record,success,201,,
run_wf_shopify_orders_20260207T080153Z_0231,s7_log,7,Google Sheets,add_row,success,693,,
run_wf_shopify_orders_20260207T083614Z_0193,s1_get_order,1,Shopify,get_order,success,828,,
run_wf_shopify_orders_20260207T083614Z_0193,s2_validate,2,Code,run_python,success,794,,
run_wf_shopify_orders_20260207T083614Z_0193,s3_create_invoice,3,QuickBooks,create_invoice,success,474,,
run_wf_shopify_orders_20260207T083614Z_0193,s4_update_inventory,4,Shopify,update_product,success,631,,
run_wf_shopify_orders_20260207T083614Z_0193,s5_notify_warehouse,5,Slack,send_message,success,313,,
run_wf_shopify_orders_20260207T083614Z_0193,s6_update_crm,6,Salesforce,update_record,success,89,,
run_wf_shopify_orders_20260207T083614Z_0193,s7_log,7,Google Sheets,add_row,failed,611,TIMEOUT,Transient timeout error
run_wf_shopify_orders_20260207T093021Z_0268,s1_get_order,1,Shopify,get_order,success,435,,
run_wf_shopify_orders_20260207T093021Z_0268,s2_validate,2,Code,run_python,success,722,,
run_wf_shopify_orders_20260207T093021Z_0268,s3_create_invoice,3,QuickBooks,create_invoice,success,807,,
run_wf_shopify_orders_20260207T093021Z_0268,s4_update_inventory,4,Shopify,update_product,success,424,,
run_wf_shopify_orders_20260207T093021Z_0268,s5_notify_warehouse,5,Slack,send_message,success,113,,
run_wf_shopify_orders_20260207T093021Z_0268,s6_update_crm,6,Salesforce,update_record,success,100,,
run_wf_shopify_orders_20260207T093021Z_0268,s7_log,7,Google Sheets,add_row,success,655,,
run_wf_shopify_orders_20260207T095321Z_0203,s1_get_order,1,Shopify,get_order,success,1459,,
run_wf_shopify_orders_20260207T095321Z_0203,s2_validate,2,Code,run_python,success,1031,,
run_wf_shopify_orders_20260207T095321Z_0203,s3_create_invoice,3,QuickBooks,create_invoice,success,161,,
run_wf_shopify_orders_20260207T095321Z_0203,s4_update_inventory,4,Shopify,update_product,success,397,,
run_wf_shopify_orders_20260207T095321Z_0203,s5_notify_warehouse,5,Slack,send_message,failed,162,BAD_INPUT,Transient bad_input error
run_wf_shopify_orders_20260207T095321Z_0203,s6_update_crm,6,Salesforce,update_record,skipped,0,,
run_wf_shopify_orders_20260207T095321Z_0203,s7_log,7,Google Sheets,add_row,skipped,0,,
run_wf_shopify_orders_20260207T115643Z_0035,s1_get_order,1,Shopify,get_order,success,530,,
run_wf_shopify_orders_20260207T115643Z_0035,s2_validate,2,Code,run_python,success,544,,
run_wf_shopify_orders_20260207T115643Z_0035,s3_create_invoice,3,QuickBooks,create_invoice,success,747,,
run_wf_shopify_orders_20260207T115643Z_0035,s4_update_inventory,4,Shopify,update_product,success,622,,
run_wf_shopify_orders_20260207T115643Z_0035,s5_notify_warehouse,5,Slack,send_message,success,157,,
run_wf_shopify_orders_20260207T115643Z_0035,s6_update_crm,6,Salesforce,update_record,success,118,,
run_wf_shopify_orders_20260207T115643Z_0035,s7_log,7,Google Sheets,add_row,failed,821,INTERNAL,Transient internal error
run_wf_lead_sync_20260207T121015Z_0033,s1_get_contact,1,HubSpot,get_contact,success,609,,
run_wf_lead_sync_20260207T121015Z_0033,s2_transform,2,Code,run_python,success,407,,
run_wf_lead_sync_20260207T121015Z_0033,s3_push_to_sf,3,Salesforce,create_lead,failed,344,TIMEOUT,Transient timeout error
run_wf_lead_sync_20260207T121015Z_0033,s4_notify,4,Slack,send_message,skipped,0,,
run_wf_support_router_20260207T125312Z_0014,s1_receive_ticket,1,Zendesk,get_ticket,success,376,,
run_wf_support_router_20260207T125312Z_0014,s2_classify,2,Code,run_python,success,174,,
run_wf_support_router_20260207T125312Z_0014,s3_route_slack,3,Slack,send_message,success,271,,
run_wf_support_router_20260207T125312Z_0014,s4_create_task,4,Asana,create_task,success,99,,
run_wf_support_router_20260207T125312Z_0014,s5_log_sheet,5,Google Sheets,add_row,success,313,,
run_wf_shopify_orders_20260207T132808Z_0128,s1_get_order,1,Shopify,get_order,success,711,,
run_wf_shopify_orders_20260207T132808Z_0128,s2_validate,2,Code,run_python,success,664,,
run_wf_shopify_orders_20260207T132808Z_0128,s3_create_invoice,3,QuickBooks,create_invoice,success,875,,
run_wf_shopify_orders_20260207T132808Z_0128,s4_update_inventory,4,Shopify,update_product,success,836,,
run_wf_shopify_orders_20260207T132808Z_0128,s5_notify_warehouse,5,Slack,send_message,failed,190,INTERNAL,Transient internal error
run_wf_shopify_orders_20260207T132808Z_0128,s6_update_crm,6,Salesforce,update_record,skipped,0,,
run_wf_shopify_orders_20260207T132808Z_0128,s7_log,7,Google Sheets,add_row,skipped,0,,
run_wf_shopify_orders_20260207T135352Z_0064,s1_get_order,1,Shopify,get_order,success,1212,,
run_wf_shopify_orders_20260207T135352Z_0064,s2_validate,2,Code,run_python,success,426,,
run_wf_shopify_orders_20260207T135352Z_0064,s3_create_invoice,3,QuickBooks,create_invoice,success,278,,
run_wf_shopify_orders_20260207T135352Z_0064,s4_update_inventory,4,Shopify,update_product,success,222,,
run_wf_shopify_orders_20260207T135352Z_0064,s5_notify_warehouse,5,Slack,send_message,success,435,,
run_wf_shopify_orders_20260207T135352Z_0064,s6_update_crm,6,Salesforce,update_record,success,183,,
run_wf_shopify_orders_20260207T135352Z_0064,s7_log,7,Google Sheets,add_row,success,545,,
run_wf_shopify_orders_20260207T140329Z_0232,s1_get_order,1,Shopify,get_order,success,1735,,
run_wf_shopify_orders_20260207T140329Z_0232,s2_validate,2,Code,run_python,success,727,,
run_wf_shopify_orders_20260207T140329Z_0232,s3_create_invoice,3,QuickBooks,create_invoice,success,630,,
run_wf_shopify_orders_20260207T140329Z_0232,s4_update_inventory,4,Shopify,update_product,success,500,,
run_wf_shopify_orders_20260207T140329Z_0232,s5_notify_warehouse,5,Slack,send_message,success,166,,
run_wf_shopify_orders_20260207T140329Z_0232,s6_update_crm,6,Salesforce,update_record,success,82,,
run_wf_shopify_orders_20260207T140329Z_0232,s7_log,7,Google Sheets,add_row,success,552,,
run_wf_shopify_orders_20260207T155848Z_0080,s1_get_order,1,Shopify,get_order,success,513,,
run_wf_shopify_orders_20260207T155848Z_0080,s2_validate,2,Code,run_python,success,524,,
run_wf_shopify_orders_20260207T155848Z_0080,s3_create_invoice,3,QuickBooks,create_invoice,success,428,,
run_wf_shopify_orders_20260207T155848Z_0080,s4_update_inventory,4,Shopify,update_product,success,97,,
run_wf_shopify_orders_20260207T155848Z_0080,s5_notify_warehouse,5,Slack,send_message,success,189,,
run_wf_shopify_orders_20260207T155848Z_0080,s6_update_crm,6,Salesforce,update_record,success,65,,
run_wf_shopify_orders_20260207T155848Z_0080,s7_log,7,Google Sheets,add_row,success,319,,
run_wf_lead_sync_20260207T160558Z_0065,s1_get_contact,1,HubSpot,get_contact,success,715,,
run_wf_lead_sync_20260207T160558Z_0065,s2_transform,2,Code,run_python,success,248,,
run_wf_lead_sync_20260207T160558Z_0065,s3_push_to_sf,3,Salesforce,create_lead,success,400,,
run_wf_lead_sync_20260207T160558Z_0065,s4_notify,4,Slack,send_message,success,695,,
run_wf_shopify_orders_20260207T163719Z_0047,s1_get_order,1,Shopify,get_order,success,1243,,
run_wf_shopify_orders_20260207T163719Z_0047,s2_validate,2,Code,run_python,success,237,,
run_wf_shopify_orders_20260207T163719Z_0047,s3_create_invoice,3,QuickBooks,create_invoice,success,681,,
run_wf_shopify_orders_20260207T163719Z_0047,s4_update_inventory,4,Shopify,update_product,success,140,,
run_wf_shopify_orders_20260207T163719Z_0047,s5_notify_warehouse,5,Slack,send_message,success,211,,
run_wf_shopify_orders_20260207T163719Z_0047,s6_update_crm,6,Salesforce,update_record,success,243,,
run_wf_shopify_orders_20260207T163719Z_0047,s7_log,7,Google Sheets,add_row,success,494,,
run_wf_lead_sync_20260207T174638Z_0001,s1_get_contact,1,HubSpot,get_contact,success,395,,
run_wf_lead_sync_20260207T174638Z_0001,s2_transform,2,Code,run_python,success,375,,
run_wf_lead_sync_20260207T174638Z_0001,s3_push_to_sf,3,Salesforce,create_lead,success,140,,
run_wf_lead_sync_20260207T174638Z_0001,s4_notify,4,Slack,send_message,success,1130,,
run_wf_shopify_orders_20260207T182415Z_0146,s1_get_order,1,Shopify,get_order,success,825,,
run_wf_shopify_orders_20260207T182415Z_0146,s2_validate,2,Code,run_python,success,298,,
run_wf_shopify_orders_20260207T182415Z_0146,s3_create_invoice,3,QuickBooks,create_invoice,success,332,,
run_wf_shopify_orders_20260207T182415Z_0146,s4_update_inventory,4,Shopify,update_product,success,393,,
run_wf_shopify_orders_20260207T182415Z_0146,s5_notify_warehouse,5,Slack,send_message,success,539,,
run_wf_shopify_orders_20260207T182415Z_0146,s6_update_crm,6,Salesforce,update_record,success,203,,
run_wf_shopify_orders_20260207T182415Z_0146,s7_log,7,Google Sheets,add_row,success,1069,,
run_wf_shopify_orders_20260207T190639Z_0075,s1_get_order,1,Shopify,get_order,success,768,,
run_wf_shopify_orders_20260207T190639Z_0075,s2_validate,2,Code,run_python,success,687,,
run_wf_shopify_orders_20260207T190639Z_0075,s3_create_invoice,3,QuickBooks,create_invoice,success,550,,
run_wf_shopify_orders_20260207T190639Z_0075,s4_update_inventory,4,Shopify,update_product,success,301,,
run_wf_shopify_orders_20260207T190639Z_0075,s5_notify_warehouse,5,Slack,send_message,success,298,,
run_wf_shopify_orders_20260207T190639Z_0075,s6_update_crm,6,Salesforce,update_record,success,356,,
run_wf_shopify_orders_20260207T190639Z_0075,s7_log,7,Google Sheets,add_row,success,585,,
run_wf_lead_sync_20260207T191045Z_0073,s1_get_contact,1,HubSpot,get_contact,failed,350,UNKNOWN,Transient unknown error
run_wf_lead_sync_20260207T191045Z_0073,s2_transform,2,Code,run_python,skipped,0,,
run_wf_lead_sync_20260207T191045Z_0073,s3_push_to_sf,3,Salesforce,create_lead,skipped,0,,
run_wf_lead_sync_20260207T191045Z_0073,s4_notify,4,Slack,send_message,skipped,0,,
run_wf_shopify_orders_20260207T193336Z_0038,s1_get_order,1,Shopify,get_order,success,426,,
run_wf_shopify_orders_20260207T193336Z_0038,s2_validate,2,Code,run_python,success,366,,
run_wf_shopify_orders_20260207T193336Z_0038,s3_create_invoice,3,QuickBooks,create_invoice,success,1011,,
run_wf_shopify_orders_20260207T193336Z_0038,s4_update_inventory,4,Shopify,update_product,success,510,,
run_wf_shopify_orders_20260207T193336Z_0038,s5_notify_warehouse,5,Slack,send_message,success,378,,
run_wf_shopify_orders_20260207T193336Z_0038,s6_update_crm,6,Salesforce,update_record,success,222,,
run_wf_shopify_orders_20260207T193336Z_0038,s7_log,7,Google Sheets,add_row,success,559,,
run_wf_invoice_sync_20260207T194358Z_0013,s1_get_invoice,1,Stripe,get_invoice,success,426,,
run_wf_invoice_sync_20260207T194358Z_0013,s2_create_entry,2,QuickBooks,create_invoice,success,631,,
run_wf_invoice_sync_20260207T194358Z_0013,s3_notify,3,Slack,send_message,success,1034,,
run_wf_invoice_sync_20260207T194758Z_0007,s1_get_invoice,1,Stripe,get_invoice,success,297,,
run_wf_invoice_sync_20260207T194758Z_0007,s2_create_entry,2,QuickBooks,create_invoice,success,235,,
run_wf_invoice_sync_20260207T194758Z_0007,s3_notify,3,Slack,send_message,success,775,,
run_wf_shopify_orders_20260207T205311Z_0267,s1_get_order,1,Shopify,get_order,success,654,,
run_wf_shopify_orders_20260207T205311Z_0267,s2_validate,2,Code,run_python,success,309,,
run_wf_shopify_orders_20260207T205311Z_0267,s3_create_invoice,3,QuickBooks,create_invoice,success,749,,
run_wf_shopify_orders_20260207T205311Z_0267,s4_update_inventory,4,Shopify,update_product,success,628,,
run_wf_shopify_orders_20260207T205311Z_0267,s5_notify_warehouse,5,Slack,send_message,success,134,,
run_wf_shopify_orders_20260207T205311Z_0267,s6_update_crm,6,Salesforce,update_record,success,268,,
run_wf_shopify_orders_20260207T205311Z_0267,s7_log,7,Google Sheets,add_row,success,557,,
run_wf_shopify_orders_20260207T215819Z_0245,s1_get_order,1,Shopify,get_order,success,1092,,
run_wf_shopify_orders_20260207T215819Z_0245,s2_validate,2,Code,run_python,success,703,,
run_wf_shopify_orders_20260207T215819Z_0245,s3_create_invoice,3,QuickBooks,create_invoice,success,440,,
run_wf_shopify_orders_20260207T215819Z_0245,s4_update_inventory,4,Shopify,update_product,success,241,,
run_wf_shopify_orders_20260207T215819Z_0245,s5_notify_warehouse,5,Slack,send_message,success,109,,
run_wf_shopify_orders_20260207T215819Z_0245,s6_update_crm,6,Salesforce,update_record,success,73,,
run_wf_shopify_orders_20260207T215819Z_0245,s7_log,7,Google Sheets,add_row,success,264,,
run_wf_shopify_orders_20260207T222417Z_0166,s1_get_order,1,Shopify,get_order,success,437,,
run_wf_shopify_orders_20260207T222417Z_0166,s2_validate,2,Code,run_python,success,234,,
run_wf_shopify_orders_20260207T222417Z_0166,s3_create_invoice,3,QuickBooks,create_invoice,success,433,,
run_wf_shopify_orders_20260207T222417Z_0166,s4_update_inventory,4,Shopify,update_product,success,266,,
run_wf_shopify_orders_20260207T222417Z_0166,s5_notify_warehouse,5,Slack,send_message,success,159,,
run_wf_shopify_orders_20260207T222417Z_0166,s6_update_crm,6,Salesforce,update_record,success,289,,
run_wf_shopify_orders_20260207T222417Z_0166,s7_log,7,Google Sheets,add_row,success,794,,
run_wf_support_router_20260207T223500Z_0075,s1_receive_ticket,1,Zendesk,get_ticket,success,233,,
run_wf_support_router_20260207T223500Z_0075,s2_classify,2,Code,run_python,success,101,,
run_wf_support_router_20260207T223500Z_0075,s3_route_slack,3,Slack,send_message,success,337,,
run_wf_support_router_20260207T223500Z_0075,s4_create_task,4,Asana,create_task,success,170,,
run_wf_support_router_20260207T223500Z_0075,s5_log_sheet,5,Google Sheets,add_row,success,352,,
run_wf_lead_sync_20260207T225045Z_0081,s1_get_contact,1,HubSpot,get_contact,success,373,,
run_wf_lead_sync_20260207T225045Z_0081,s2_transform,2,Code,run_python,success,413,,
run_wf_lead_sync_20260207T225045Z_0081,s3_push_to_sf,3,Salesforce,create_lead,success,423,,
run_wf_lead_sync_20260207T225045Z_0081,s4_notify,4,Slack,send_message,success,711,,
run_wf_shopify_returns_20260207T225244Z_0014,s1_get_refund,1,Shopify,get_refund,success,334,,
run_wf_shopify_returns_20260207T225244Z_0014,s2_process,2,Code,run_python,success,221,,
run_wf_shopify_returns_20260207T225244Z_0014,s3_update_inventory,3,Shopify,update_product,failed,191,TIMEOUT,Transient timeout error
run_wf_shopify_returns_20260207T225244Z_0014,s4_notify,4,Slack,send_message,skipped,0,,
run_wf_shopify_orders_20260207T232415Z_0148,s1_get_order,1,Shopify,get_order,success,781,,
run_wf_shopify_orders_20260207T232415Z_0148,s2_validate,2,Code,run_python,success,724,,
run_wf_shopify_orders_20260207T232415Z_0148,s3_create_invoice,3,QuickBooks,create_invoice,success,736,,
run_wf_shopify_orders_20260207T232415Z_0148,s4_update_inventory,4,Shopify,update_product,success,801,,
run_wf_shopify_orders_20260207T232415Z_0148,s5_notify_warehouse,5,Slack,send_message,success,461,,
run_wf_shopify_orders_20260207T232415Z_0148,s6_update_crm,6,Salesforce,update_record,success,251,,
run_wf_shopify_orders_20260207T232415Z_0148,s7_log,7,Google Sheets,add_row,success,1124,,
run_wf_lead_sync_20260207T234927Z_0038,s1_get_contact,1,HubSpot,get_contact,success,252,,
run_wf_lead_sync_20260207T234927Z_0038,s2_transform,2,Code,run_python,success,337,,
run_wf_lead_sync_20260207T234927Z_0038,s3_push_to_sf,3,Salesforce,create_lead,success,385,,
run_wf_lead_sync_20260207T234927Z_0038,s4_notify,4,Slack,send_message,success,823,,
run_wf_support_router_20260208T004752Z_0038,s1_receive_ticket,1,Zendesk,get_ticket,success,266,,
run_wf_support_router_20260208T004752Z_0038,s2_classify,2,Code,run_python,success,316,,
run_wf_support_router_20260208T004752Z_0038,s3_route_slack,3,Slack,send_message,success,126,,
run_wf_support_router_20260208T004752Z_0038,s4_create_task,4,Asana,create_task,success,200,,
run_wf_support_router_20260208T004752Z_0038,s5_log_sheet,5,Google Sheets,add_row,success,312,,
run_wf_support_router_20260208T014014Z_0056,s1_receive_ticket,1,Zendesk,get_ticket,success,228,,
run_wf_support_router_20260208T014014Z_0056,s2_classify,2,Code,run_python,success,170,,
run_wf_support_router_20260208T014014Z_0056,s3_route_slack,3,Slack,send_message,failed,155,TIMEOUT,Transient timeout error
run_wf_support_router_20260208T014014Z_0056,s4_create_task,4,Asana,create_task,skipped,0,,
run_wf_support_router_20260208T014014Z_0056,s5_log_sheet,5,Google Sheets,add_row,skipped,0,,
run_wf_support_router_20260208T014446Z_0041,s1_receive_ticket,1,Zendesk,get_ticket,success,147,,
run_wf_support_router_20260208T014446Z_0041,s2_classify,2,Code,run_python,success,304,,
run_wf_support_router_20260208T014446Z_0041,s3_route_slack,3,Slack,send_message,success,150,,
run_wf_support_router_20260208T014446Z_0041,s4_create_task,4,Asana,create_task,failed,72,UNKNOWN,Transient unknown error
run_wf_support_router_20260208T014446Z_0041,s5_log_sheet,5,Google Sheets,add_row,skipped,0,,
run_wf_invoice_sync_20260208T014656Z_0021,s1_get_invoice,1,Stripe,get_invoice,failed,372,INTERNAL,Transient internal error
run_wf_invoice_sync_20260208T014656Z_0021,s2_create_entry,2,QuickBooks,create_invoice,skipped,0,,
run_wf_invoice_sync_20260208T014656Z_0021,s3_notify,3,Slack,send_message,skipped,0,,
run_wf_shopify_orders_20260208T021617Z_0090,s1_get_order,1,Shopify,get_order,success,1344,,
run_wf_shopify_orders_20260208T021617Z_0090,s2_validate,2,Code,run_python,success,459,,
run_wf_shopify_orders_20260208T021617Z_0090,s3_create_invoice,3,QuickBooks,create_invoice,success,376,,
run_wf_shopify_orders_20260208T021617Z_0090,s4_update_inventory,4,Shopify,update_product,success,555,,
run_wf_shopify_orders_20260208T021617Z_0090,s5_notify_warehouse,5,Slack,send_message,failed,542,TIMEOUT,Transient timeout error
run_wf_shopify_orders_20260208T021617Z_0090,s6_update_crm,6,Salesforce,update_record,skipped,0,,
run_wf_shopify_orders_20260208T021617Z_0090,s7_log,7,Google Sheets,add_row,skipped,0,,
run_wf_support_router_20260208T053430Z_0043,s1_receive_ticket,1,Zendesk,get_ticket,success,442,,
run_wf_support_router_20260208T053430Z_0043,s2_classify,2,Code,run_python,success,260,,
run_wf_support_router_20260208T053430Z_0043,s3_route_slack,3,Slack,send_message,success,135,,
run_wf_support_router_20260208T053430Z_0043,s4_create_task,4,Asana,create_task,success,174,,
run_wf_support_router_20260208T053430Z_0043,s5_log_sheet,5,Google Sheets,add_row,failed,289,BAD_INPUT,Transient bad_input error
run_wf_lead_sync_20260208T055017Z_0033,s1_get_contact,1,HubSpot,get_contact,success,267,,
run_wf_lead_sync_20260208T055017Z_0033,s2_transform,2,Code,run_python,success,213,,
run_wf_lead_sync_20260208T055017Z_0033,s3_push_to_sf,3,Salesforce,create_lead,failed,452,UNKNOWN,Transient unknown error
run_wf_lead_sync_20260208T055017Z_0033,s4_notify,4,Slack,send_message,skipped,0,,
run_wf_shopify_orders_20260208T070012Z_0043,s1_get_order,1,Shopify,get_order,success,1409,,
run_wf_shopify_orders_20260208T070012Z_0043,s2_validate,2,Code,run_python,failed,624,TIMEOUT,Transient timeout error
run_wf_shopify_orders_20260208T070012Z_0043,s3_create_invoice,3,QuickBooks,create_invoice,skipped,0,,
run_wf_shopify_orders_20260208T070012Z_0043,s4_update_inventory,4,Shopify,update_product,skipped,0,,
run_wf_shopify_orders_20260208T070012Z_0043,s5_notify_warehouse,5,Slack,send_message,skipped,0,,
run_wf_shopify_orders_20260208T070012Z_0043,s6_update_crm,6,Salesforce,update_record,skipped,0,,
run_wf_shopify_orders_20260208T070012Z_0043,s7_log,7,Google Sheets,add_row,skipped,0,,
run_wf_invoice_sync_20260208T080412Z_0012,s1_get_invoice,1,Stripe,get_invoice,success,349,,
run_wf_invoice_sync_20260208T080412Z_0012,s2_create_entry,2,QuickBooks,create_invoice,success,132,,
run_wf_invoice_sync_20260208T080412Z_0012,s3_notify,3,Slack,send_message,success,598,,
run_wf_support_router_20260208T080658Z_0081,s1_receive_ticket,1,Zendesk,get_ticket,success,226,,
run_wf_support_router_20260208T080658Z_0081,s2_classify,2,Code,run_python,success,392,,
run_wf_support_router_20260208T080658Z_0081,s3_route_slack,3,Slack,send_message,success,96,,
run_wf_support_router_20260208T080658Z_0081,s4_create_task,4,Asana,create_task,success,192,,
run_wf_support_router_20260208T080658Z_0081,s5_log_sheet,5,Google Sheets,add_row,success,414,,
run_wf_lead_sync_20260208T112510Z_0068,s1_get_contact,1,HubSpot,get_contact,success,457,,
run_wf_lead_sync_20260208T112510Z_0068,s2_transform,2,Code,run_python,success,271,,
run_wf_lead_sync_20260208T112510Z_0068,s3_push_to_sf,3,Salesforce,create_lead,success,320,,
run_wf_lead_sync_20260208T112510Z_0068,s4_notify,4,Slack,send_message,success,527,,
run_wf_shopify_orders_20260208T115127Z_0170,s1_get_order,1,Shopify,get_order,success,668,,
run_wf_shopify_orders_20260208T115127Z_0170,s2_validate,2,Code,run_python,success,1569,,
run_wf_shopify_orders_20260208T115127Z_0170,s3_create_invoice,3,QuickBooks,create_invoice,success,594,,
run_wf_shopify_orders_20260208T115127Z_0170,s4_update_inventory,4,Shopify,update_product,success,454,,
run_wf_shopify_orders_20260208T115127Z_0170,s5_notify_warehouse,5,Slack,send_message,success,402,,
run_wf_shopify_orders_20260208T115127Z_0170,s6_update_crm,6,Salesforce,update_record,success,251,,
run_wf_shopify_orders_20260208T115127Z_0170,s7_log,7,Google Sheets,add_row,success,970,,
run_wf_shopify_orders_20260208T120211Z_0046,s1_get_order,1,Shopify,get_order,failed,1735,TIMEOUT,Transient timeout error
run_wf_shopify_orders_20260208T120211Z_0046,s2_validate,2,Code,run_python,skipped,0,,
run_wf_shopify_orders_20260208T120211Z_0046,s3_create_invoice,3,QuickBooks,create_invoice,skipped,0,,
run_wf_shopify_orders_20260208T120211Z_0046,s4_update_inventory,4,Shopify,update_product,skipped,0,,
run_wf_shopify_orders_20260208T120211Z_0046,s5_notify_warehouse,5,Slack,send_message,skipped,0,,
run_wf_shopify_orders_20260208T120211Z_0046,s6_update_crm,6,Salesforce,update_record,skipped,0,,
run_wf_shopify_orders_20260208T120211Z_0046,s7_log,7,Google Sheets,add_row,skipped,0,,
run_wf_shopify_orders_20260208T121541Z_0001,s1_get_order,1,Shopify,get_order,success,630,,
run_wf_shopify_orders_20260208T121541Z_0001,s2_validate,2,Code,run_python,success,689,,
run_wf_shopify_orders_20260208T121541Z_0001,s3_create_invoice,3,QuickBooks,create_invoice,success,586,,
run_wf_shopify_orders_20260208T121541Z_0001,s4_update_inventory,4,Shopify,update_product,success,355,,
run_wf_shopify_orders_20260208T121541Z_0001,s5_notify_warehouse,5,Slack,send_message,success,344,,
run_wf_shopify_orders_20260208T121541Z_0001,s6_update_crm,6,Salesforce,update_record,success,178,,
run_wf_shopify_orders_20260208T121541Z_0001,s7_log,7,Google Sheets,add_row,success,569,,
run_wf_lead_sync_20260208T131753Z_0028,s1_get_contact,1,HubSpot,get_contact,success,505,,
run_wf_lead_sync_20260208T131753Z_0028,s2_transform,2,Code,run_python,failed,179,UNKNOWN,Transient unknown error
run_wf_lead_sync_20260208T131753Z_0028,s3_push_to_sf,3,Salesforce,create_lead,skipped,0,,
run_wf_lead_sync_20260208T131753Z_0028,s4_notify,4,Slack,send_message,skipped,0,,
run_wf_shopify_orders_20260208T132518Z_0120,s1_get_order,1,Shopify,get_order,success,1177,,
run_wf_shopify_orders_20260208T132518Z_0120,s2_validate,2,Code,run_python,success,489,,
run_wf_shopify_orders_20260208T132518Z_0120,s3_create_invoice,3,QuickBooks,create_invoice,success,209,,
run_wf_shopify_orders_20260208T132518Z_0120,s4_update_inventory,4,Shopify,update_product,success,274,,
run_wf_shopify_orders_20260208T132518Z_0120,s5_notify_warehouse,5,Slack,send_message,success,395,,
run_wf_shopify_orders_20260208T132518Z_0120,s6_update_crm,6,Salesforce,update_record,success,317,,
run_wf_shopify_orders_20260208T132518Z_0120,s7_log,7,Google Sheets,add_row,success,562,,
run_wf_invoice_sync_20260208T140819Z_0007,s1_get_invoice,1,Stripe,get_invoice,success,209,,
run_wf_invoice_sync_20260208T140819Z_0007,s2_create_entry,2,QuickBooks,create_invoice,success,297,,
run_wf_invoice_sync_20260208T140819Z_0007,s3_notify,3,Slack,send_message,success,726,,
run_wf_shopify_orders_20260208T150845Z_0148,s1_get_order,1,Shopify,get_order,success,973,,
run_wf_shopify_orders_20260208T150845Z_0148,s2_validate,2,Code,run_python,success,651,,
run_wf_shopify_orders_20260208T150845Z_0148,s3_create_invoice,3,QuickBooks,create_invoice,success,437,,
run_wf_shopify_orders_20260208T150845Z_0148,s4_update_inventory,4,Shopify,update_product,success,599,,
run_wf_shopify_orders_20260208T150845Z_0148,s5_notify_warehouse,5,Slack,send_message,success,755,,
run_wf_shopify_orders_20260208T150845Z_0148,s6_update_crm,6,Salesforce,update_record,success,519,,
run_wf_shopify_orders_20260208T150845Z_0148,s7_log,7,Google Sheets,add_row,success,936,,
run_wf_shopify_returns_20260208T153736Z_0006,s1_get_refund,1,Shopify,get_refund,success,267,,
run_wf_shopify_returns_20260208T153736Z_0006,s2_process,2,Code,run_python,success,742,,
run_wf_shopify_returns_20260208T153736Z_0006,s3_update_inventory,3,Shopify,update_product,success,471,,
run_wf_shopify_returns_20260208T153736Z_0006,s4_notify,4,Slack,send_message,success,1104,,
run_wf_support_router_20260208T154529Z_0092,s1_receive_ticket,1,Zendesk,get_ticket,success,549,,
run_wf_support_router_20260208T154529Z_0092,s2_classify,2,Code,run_python,success,126,,
run_wf_support_router_20260208T154529Z_0092,s3_route_slack,3,Slack,send_message,success,282,,
run_wf_support_router_20260208T154529Z_0092,s4_create_task,4,Asana,create_task,success,50,,
run_wf_support_router_20260208T154529Z_0092,s5_log_sheet,5,Google Sheets,add_row,success,404,,
run_wf_shopify_orders_20260208T163215Z_0016,s1_get_order,1,Shopify,get_order,success,687,,
run_wf_shopify_orders_20260208T163215Z_0016,s2_validate,2,Code,run_python,success,330,,
run_wf_shopify_orders_20260208T163215Z_0016,s3_create_invoice,3,QuickBooks,create_invoice,success,268,,
run_wf_shopify_orders_20260208T163215Z_0016,s4_update_inventory,4,Shopify,update_product,success,220,,
run_wf_shopify_orders_20260208T163215Z_0016,s5_notify_warehouse,5,Slack,send_message,success,203,,
run_wf_shopify_orders_20260208T163215Z_0016,s6_update_crm,6,Salesforce,update_record,success,205,,
run_wf_shopify_orders_20260208T163215Z_0016,s7_log,7,Google Sheets,add_row,success,422,,
run_wf_shopify_returns_20260208T171057Z_0037,s1_get_refund,1,Shopify,get_refund,success,249,,
run_wf_shopify_returns_20260208T171057Z_0037,s2_process,2,Code,run_python,success,731,,
run_wf_shopify_returns_20260208T171057Z_0037,s3_update_inventory,3,Shopify,update_product,success,250,,
run_wf_shopify_returns_20260208T171057Z_0037,s4_notify,4,Slack,send_message,success,856,,
run_wf_support_router_20260208T180418Z_0049,s1_receive_ticket,1,Zendesk,get_ticket,success,273,,
run_wf_support_router_20260208T180418Z_0049,s2_classify,2,Code,run_python,success,379,,
run_wf_support_router_20260208T180418Z_0049,s3_route_slack,3,Slack,send_message,success,128,,
run_wf_support_router_20260208T180418Z_0049,s4_create_task,4,Asana,create_task,success,230,,
run_wf_support_router_20260208T180418Z_0049,s5_log_sheet,5,Google Sheets,add_row,success,499,,
run_wf_support_router_20260208T190457Z_0035,s1_receive_ticket,1,Zendesk,get_ticket,success,97,,
run_wf_support_router_20260208T190457Z_0035,s2_classify,2,Code,run_python,success,298,,
run_wf_support_router_20260208T190457Z_0035,s3_route_slack,3,Slack,send_message,success,106,,
run_wf_support_router_20260208T190457Z_0035,s4_create_task,4,Asana,create_task,success,114,,
run_wf_support_router_20260208T190457Z_0035,s5_log_sheet,5,Google Sheets,add_row,success,321,,
run_wf_shopify_orders_20260208T192449Z_0136,s1_get_order,1,Shopify,get_order,success,446,,
run_wf_shopify_orders_20260208T192449Z_0136,s2_validate,2,Code,run_python,success,296,,
run_wf_shopify_orders_20260208T192449Z_0136,s3_create_invoice,3,QuickBooks,create_invoice,success,418,,
run_wf_shopify_orders_20260208T192449Z_0136,s4_update_inventory,4,Shopify,update_product,success,664,,
run_wf_shopify_orders_20260208T192449Z_0136,s5_notify_warehouse,5,Slack,send_message,success,156,,
run_wf_shopify_orders_20260208T192449Z_0136,s6_update_crm,6,Salesforce,update_record,success,516,,
run_wf_shopify_orders_20260208T192449Z_0136,s7_log,7,Google Sheets,add_row,success,781,,
run_wf_invoice_sync_20260208T194137Z_0004,s1_get_invoice,1,Stripe,get_invoice,success,195,,
run_wf_invoice_sync_20260208T194137Z_0004,s2_create_entry,2,QuickBooks,create_invoice,success,241,,
run_wf_invoice_sync_20260208T194137Z_0004,s3_notify,3,Slack,send_message,failed,1317,BAD_INPUT,Transient bad_input error
run_wf_lead_sync_20260208T194304Z_0042,s1_get_contact,1,HubSpot,get_contact,success,291,,
run_wf_lead_sync_20260208T194304Z_0042,s2_transform,2,Code,run_python,failed,328,TIMEOUT,Transient timeout error
run_wf_lead_sync_20260208T194304Z_0042,s3_push_to_sf,3,Salesforce,create_lead,skipped,0,,
run_wf_lead_sync_20260208T194304Z_0042,s4_notify,4,Slack,send_message,skipped,0,,
run_wf_shopify_orders_20260208T195346Z_0019,s1_get_order,1,Shopify,get_order,success,327,,
run_wf_shopify_orders_20260208T195346Z_0019,s2_validate,2,Code,run_python,success,580,,
run_wf_shopify_orders_20260208T195346Z_0019,s3_create_invoice,3,QuickBooks,create_invoice,success,209,,
run_wf_shopify_orders_20260208T195346Z_0019,s4_update_inventory,4,Shopify,update_product,success,466,,
run_wf_shopify_orders_20260208T195346Z_0019,s5_notify_warehouse,5,Slack,send_message,success,138,,
run_wf_shopify_orders_20260208T195346Z_0019,s6_update_crm,6,Salesforce,update_record,success,137,,
run_wf_shopify_orders_20260208T195346Z_0019,s7_log,7,Google Sheets,add_row,success,465,,
run_wf_support_router_20260208T201943Z_0071,s1_receive_ticket,1,Zendesk,get_ticket,success,319,,
run_wf_support_router_20260208T201943Z_0071,s2_classify,2,Code,run_python,success,167,,
run_wf_support_router_20260208T201943Z_0071,s3_route_slack,3,Slack,send_message,success,230,,
run_wf_support_router_20260208T201943Z_0071,s4_create_task,4,Asana,create_task,failed,253,UNKNOWN,Transient unknown error
run_wf_support_router_20260208T201943Z_0071,s5_log_sheet,5,Google Sheets,add_row,skipped,0,,
run_wf_shopify_orders_20260208T215054Z_0109,s1_get_order,1,Shopify,get_order,success,1365,,
run_wf_shopify_orders_20260208T215054Z_0109,s2_validate,2,Code,run_python,success,602,,
run_wf_shopify_orders_20260208T215054Z_0109,s3_create_invoice,3,QuickBooks,create_invoice,success,531,,
run_wf_shopify_orders_20260208T215054Z_0109,s4_update_inventory,4,Shopify,update_product,success,184,,
run_wf_shopify_orders_20260208T215054Z_0109,s5_notify_warehouse,5,Slack,send_message,success,296,,
run_wf_shopify_orders_20260208T215054Z_0109,s6_update_crm,6,Salesforce,update_record,success,131,,
run_wf_shopify_orders_20260208T215054Z_0109,s7_log,7,Google Sheets,add_row,success,356,,
run_wf_support_router_20260208T220410Z_0095,s1_receive_ticket,1,Zendesk,get_ticket,success,304,,
run_wf_support_router_20260208T220410Z_0095,s2_classify,2,Code,run_python,success,401,,
run_wf_support_router_20260208T220410Z_0095,s3_route_slack,3,Slack,send_message,success,219,,
run_wf_support_router_20260208T220410Z_0095,s4_create_task,4,Asana,create_task,success,130,,
run_wf_support_router_20260208T220410Z_0095,s5_log_sheet,5,Google Sheets,add_row,success,356,,
run_wf_support_router_20260208T231116Z_0102,s1_receive_ticket,1,Zendesk,get_ticket,success,228,,
run_wf_support_router_20260208T231116Z_0102,s2_classify,2,Code,run_python,success,233,,
run_wf_support_router_20260208T231116Z_0102,s3_route_slack,3,Slack,send_message,success,190,,
run_wf_support_router_20260208T231116Z_0102,s4_create_task,4,Asana,create_task,success,98,,
run_wf_support_router_20260208T231116Z_0102,s5_log_sheet,5,Google Sheets,add_row,success,410,,
run_wf_shopify_orders_20260209T005456Z_0170,s1_get_order,1,Shopify,get_order,success,1387,,
run_wf_shopify_orders_20260209T005456Z_0170,s2_validate,2,Code,run_python,success,786,,
run_wf_shopify_orders_20260209T005456Z_0170,s3_create_invoice,3,QuickBooks,create_invoice,success,541,,
run_wf_shopify_orders_20260209T005456Z_0170,s4_update_inventory,4,Shopify,update_product,success,360,,
run_wf_shopify_orders_20260209T005456Z_0170,s5_notify_warehouse,5,Slack,send_message,success,243,,
run_wf_shopify_orders_20260209T005456Z_0170,s6_update_crm,6,Salesforce,update_record,success,50,,
run_wf_shopify_orders_20260209T005456Z_0170,s7_log,7,Google Sheets,add_row,success,368,,
run_wf_shopify_orders_20260209T010442Z_0162,s1_get_order,1,Shopify,get_order,success,655,,
run_wf_shopify_orders_20260209T010442Z_0162,s2_validate,2,Code,run_python,success,766,,
run_wf_shopify_orders_20260209T010442Z_0162,s3_create_invoice,3,QuickBooks,create_invoice,success,1186,,
run_wf_shopify_orders_20260209T010442Z_0162,s4_update_inventory,4,Shopify,update_product,success,222,,
run_wf_shopify_orders_20260209T010442Z_0162,s5_notify_warehouse,5,Slack,send_message,success,612,,
run_wf_shopify_orders_20260209T010442Z_0162,s6_update_crm,6,Salesforce,update_record,success,379,,
run_wf_shopify_orders_20260209T010442Z_0162,s7_log,7,Google Sheets,add_row,success,895,,
run_wf_shopify_orders_20260209T012151Z_0034,s1_get_order,1,Shopify,get_order,failed,1396,TIMEOUT,Transient timeout error
run_wf_shopify_orders_20260209T012151Z_0034,s2_validate,2,Code,run_python,skipped,0,,
run_wf_shopify_orders_20260209T012151Z_0034,s3_create_invoice,3,QuickBooks,create_invoice,skipped,0,,
run_wf_shopify_orders_20260209T012151Z_0034,s4_update_inventory,4,Shopify,update_product,skipped,0,,
run_wf_shopify_orders_20260209T012151Z_0034,s5_notify_warehouse,5,Slack,send_message,skipped,0,,
run_wf_shopify_orders_20260209T012151Z_0034,s6_update_crm,6,Salesforce,update_record,skipped,0,,
run_wf_shopify_orders_20260209T012151Z_0034,s7_log,7,Google Sheets,add_row,skipped,0,,
run_wf_shopify_orders_20260209T073440Z_0122,s1_get_order,1,Shopify,get_order,success,591,,
run_wf_shopify_orders_20260209T073440Z_0122,s2_validate,2,Code,run_python,failed,843,UNKNOWN,Transient unknown error
run_wf_shopify_orders_20260209T073440Z_0122,s3_create_invoice,3,QuickBooks,create_invoice,skipped,0,,
run_wf_shopify_orders_20260209T073440Z_0122,s4_update_inventory,4,Shopify,update_product,skipped,0,,
run_wf_shopify_orders_20260209T073440Z_0122,s5_notify_warehouse,5,Slack,send_message,skipped,0,,
run_wf_shopify_orders_20260209T073440Z_0122,s6_update_crm,6,Salesforce,update_record,skipped,0,,
run_wf_shopify_orders_20260209T073440Z_0122,s7_log,7,Google Sheets,add_row,skipped,0,,
run_wf_support_router_20260209T084150Z_0048,s1_receive_ticket,1,Zendesk,get_ticket,success,384,,
run_wf_support_router_20260209T084150Z_0048,s2_classify,2,Code,run_python,success,313,,
run_wf_support_router_20260209T084150Z_0048,s3_route_slack,3,Slack,send_message,success,80,,
run_wf_support_router_20260209T084150Z_0048,s4_create_task,4,Asana,create_task,success,73,,
run_wf_support_router_20260209T084150Z_0048,s5_log_sheet,5,Google Sheets,add_row,success,601,,
run_wf_shopify_orders_20260209T092448Z_0167,s1_get_order,1,Shopify,get_order,success,1087,,
run_wf_shopify_orders_20260209T092448Z_0167,s2_validate,2,Code,run_python,success,565,,
run_wf_shopify_orders_20260209T092448Z_0167,s3_create_invoice,3,QuickBooks,create_invoice,success,538,,
run_wf_shopify_orders_20260209T092448Z_0167,s4_update_inventory,4,Shopify,update_product,success,442,,
run_wf_shopify_orders_20260209T092448Z_0167,s5_notify_warehouse,5,Slack,send_message,success,348,,
run_wf_shopify_orders_20260209T092448Z_0167,s6_update_crm,6,Salesforce,update_record,success,55,,
run_wf_shopify_orders_20260209T092448Z_0167,s7_log,7,Google Sheets,add_row,success,475,,
run_wf_shopify_orders_20260209T092523Z_0109,s1_get_order,1,Shopify,get_order,success,929,,
run_wf_shopify_orders_20260209T092523Z_0109,s2_validate,2,Code,run_python,success,275,,
run_wf_shopify_orders_20260209T092523Z_0109,s3_create_invoice,3,QuickBooks,create_invoice,success,442,,
run_wf_shopify_orders_20260209T092523Z_0109,s4_update_inventory,4,Shopify,update_product,success,772,,
run_wf_shopify_orders_20260209T092523Z_0109,s5_notify_warehouse,5,Slack,send_message,success,317,,
run_wf_shopify_orders_20260209T092523Z_0109,s6_update_crm,6,Salesforce,update_record,success,228,,
run_wf_shopify_orders_20260209T092523Z_0109,s7_log,7,Google Sheets,add_row,failed,704,UNKNOWN,Transient unknown error
run_wf_lead_sync_20260209T100040Z_0059,s1_get_contact,1,HubSpot,get_contact,failed,446,BAD_INPUT,Transient bad_input error
run_wf_lead_sync_20260209T100040Z_0059,s2_transform,2,Code,run_python,skipped,0,,
run_wf_lead_sync_20260209T100040Z_0059,s3_push_to_sf,3,Salesforce,create_lead,skipped,0,,
run_wf_lead_sync_20260209T100040Z_0059,s4_notify,4,Slack,send_message,skipped,0,,
run_wf_shopify_returns_20260209T111606Z_0034,s1_get_refund,1,Shopify,get_refund,success,786,,
run_wf_shopify_returns_20260209T111606Z_0034,s2_process,2,Code,run_python,success,188,,
run_wf_shopify_returns_20260209T111606Z_0034,s3_update_inventory,3,Shopify,update_product,success,515,,
run_wf_shopify_returns_20260209T111606Z_0034,s4_notify,4,Slack,send_message,success,1134,,
run_wf_lead_sync_20260209T113126Z_0020,s1_get_contact,1,HubSpot,get_contact,success,741,,
run_wf_lead_sync_20260209T113126Z_0020,s2_transform,2,Code,run_python,success,666,,
run_wf_lead_sync_20260209T113126Z_0020,s3_push_to_sf,3,Salesforce,create_lead,success,501,,
run_wf_lead_sync_20260209T113126Z_0020,s4_notify,4,Slack,send_message,failed,1140,TIMEOUT,Transient timeout error
run_wf_shopify_returns_20260209T130330Z_0017,s1_get_refund,1,Shopify,get_refund,success,387,,
run_wf_shopify_returns_20260209T130330Z_0017,s2_process,2,Code,run_python,success,732,,
run_wf_shopify_returns_20260209T130330Z_0017,s3_update_inventory,3,Shopify,update_product,success,128,,
run_wf_shopify_returns_20260209T130330Z_0017,s4_notify,4,Slack,send_message,failed,985,UNKNOWN,Transient unknown error
run_wf_lead_sync_20260209T134559Z_0058,s1_get_contact,1,HubSpot,get_contact,success,966,,
run_wf_lead_sync_20260209T134559Z_0058,s2_transform,2,Code,run_python,success,493,,
run_wf_lead_sync_20260209T134559Z_0058,s3_push_to_sf,3,Salesforce,create_lead,success,328,,
run_wf_lead_sync_20260209T134559Z_0058,s4_notify,4,Slack,send_message,success,686,,
run_wf_shopify_returns_20260209T144934Z_0015,s1_get_refund,1,Shopify,get_refund,success,474,,
run_wf_shopify_returns_20260209T144934Z_0015,s2_process,2,Code,run_python,success,563,,
run_wf_shopify_returns_20260209T144934Z_0015,s3_update_inventory,3,Shopify,update_product,success,487,,
run_wf_shopify_returns_20260209T144934Z_0015,s4_notify,4,Slack,send_message,success,901,,
run_wf_support_router_20260209T145737Z_0065,s1_receive_ticket,1,Zendesk,get_ticket,success,363,,
run_wf_support_router_20260209T145737Z_0065,s2_classify,2,Code,run_python,success,139,,
run_wf_support_router_20260209T145737Z_0065,s3_route_slack,3,Slack,send_message,success,104,,
run_wf_support_router_20260209T145737Z_0065,s4_create_task,4,Asana,create_task,success,236,,
run_wf_support_router_20260209T145737Z_0065,s5_log_sheet,5,Google Sheets,add_row,success,389,,
run_wf_shopify_returns_20260209T150156Z_0016,s1_get_refund,1,Shopify,get_refund,failed,894,BAD_INPUT,Transient bad_input error
run_wf_shopify_returns_20260209T150156Z_0016,s2_process,2,Code,run_python,skipped,0,,
run_wf_shopify_returns_20260209T150156Z_0016,s3_update_inventory,3,Shopify,update_product,skipped,0,,
run_wf_shopify_returns_20260209T150156Z_0016,s4_notify,4,Slack,send_message,skipped,0,,
run_wf_shopify_orders_20260209T163032Z_0124,s1_get_order,1,Shopify,get_order,failed,965,BAD_INPUT,Transient bad_input error
run_wf_shopify_orders_20260209T163032Z_0124,s2_validate,2,Code,run_python,skipped,0,,
run_wf_shopify_orders_20260209T163032Z_0124,s3_create_invoice,3,QuickBooks,create_invoice,skipped,0,,
run_wf_shopify_orders_20260209T163032Z_0124,s4_update_inventory,4,Shopify,update_product,skipped,0,,
run_wf_shopify_orders_20260209T163032Z_0124,s5_notify_warehouse,5,Slack,send_message,skipped,0,,
run_wf_shopify_orders_20260209T163032Z_0124,s6_update_crm,6,Salesforce,update_record,skipped,0,,
run_wf_shopify_orders_20260209T163032Z_0124,s7_log,7,Google Sheets,add_row,skipped,0,,
run_wf_shopify_orders_20260209T165246Z_0108,s1_get_order,1,Shopify,get_order,success,1023,,
run_wf_shopify_orders_20260209T165246Z_0108,s2_validate,2,Code,run_python,success,864,,
run_wf_shopify_orders_20260209T165246Z_0108,s3_create_invoice,3,QuickBooks,create_invoice,success,309,,
run_wf_shopify_orders_20260209T165246Z_0108,s4_update_inventory,4,Shopify,update_product,failed,371,INTERNAL,Transient internal error
run_wf_shopify_orders_20260209T165246Z_0108,s5_notify_warehouse,5,Slack,send_message,skipped,0,,
run_wf_shopify_orders_20260209T165246Z_0108,s6_update_crm,6,Salesforce,update_record,skipped,0,,
run_wf_shopify_orders_20260209T165246Z_0108,s7_log,7,Google Sheets,add_row,skipped,0,,
run_wf_shopify_returns_20260209T165417Z_0013,s1_get_refund,1,Shopify,get_refund,success,360,,
run_wf_shopify_returns_20260209T165417Z_0013,s2_process,2,Code,run_python,success,681,,
run_wf_shopify_returns_20260209T165417Z_0013,s3_update_inventory,3,Shopify,update_product,failed,312,INTERNAL,Transient internal error
run_wf_shopify_returns_20260209T165417Z_0013,s4_notify,4,Slack,send_message,skipped,0,,
run_wf_shopify_orders_20260209T165528Z_0079,s1_get_order,1,Shopify,get_order,success,714,,
run_wf_shopify_orders_20260209T165528Z_0079,s2_validate,2,Code,run_python,success,775,,
run_wf_shopify_orders_20260209T165528Z_0079,s3_create_invoice,3,QuickBooks,create_invoice,success,1223,,
run_wf_shopify_orders_20260209T165528Z_0079,s4_update_inventory,4,Shopify,update_product,success,853,,
run_wf_shopify_orders_20260209T165528Z_0079,s5_notify_warehouse,5,Slack,send_message,success,262,,
run_wf_shopify_orders_20260209T165528Z_0079,s6_update_crm,6,Salesforce,update_record,success,185,,
run_wf_shopify_orders_20260209T165528Z_0079,s7_log,7,Google Sheets,add_row,success,1155,,
run_wf_support_router_20260209T185120Z_0053,s1_receive_ticket,1,Zendesk,get_ticket,success,549,,
run_wf_support_router_20260209T185120Z_0053,s2_classify,2,Code,run_python,success,193,,
run_wf_support_router_20260209T185120Z_0053,s3_route_slack,3,Slack,send_message,success,65,,
run_wf_support_router_20260209T185120Z_0053,s4_create_task,4,Asana,create_task,success,173,,
run_wf_support_router_20260209T185120Z_0053,s5_log_sheet,5,Google Sheets,add_row,success,406,,
run_wf_shopify_orders_20260209T195912Z_0156,s1_get_order,1,Shopify,get_order,success,1574,,
run_wf_shopify_orders_20260209T195912Z_0156,s2_validate,2,Code,run_python,success,986,,
run_wf_shopify_orders_20260209T195912Z_0156,s3_create_invoice,3,QuickBooks,create_invoice,success,570,,
run_wf_shopify_orders_20260209T195912Z_0156,s4_update_inventory,4,Shopify,update_product,success,290,,
run_wf_shopify_orders_20260209T195912Z_0156,s5_notify_warehouse,5,Slack,send_message,success,71,,
run_wf_shopify_orders_20260209T195912Z_0156,s6_update_crm,6,Salesforce,update_record,success,145,,
run_wf_shopify_orders_20260209T195912Z_0156,s7_log,7,Google Sheets,add_row,success,407,,
run_wf_support_router_20260209T203916Z_0029,s1_receive_ticket,1,Zendesk,get_ticket,success,499,,
run_wf_support_router_20260209T203916Z_0029,s2_classify,2,Code,run_python,success,301,,
run_wf_support_router_20260209T203916Z_0029,s3_route_slack,3,Slack,send_message,success,249,,
run_wf_support_router_20260209T203916Z_0029,s4_create_task,4,Asana,create_task,success,117,,
run_wf_support_router_20260209T203916Z_0029,s5_log_sheet,5,Google Sheets,add_row,success,481,,
run_wf_lead_sync_20260209T204528Z_0000,s1_get_contact,1,HubSpot,get_contact,success,151,,
run_wf_lead_sync_20260209T204528Z_0000,s2_transform,2,Code,run_python,success,505,,
run_wf_lead_sync_20260209T204528Z_0000,s3_push_to_sf,3,Salesforce,create_lead,success,228,,
run_wf_lead_sync_20260209T204528Z_0000,s4_notify,4,Slack,send_message,success,628,,
run_wf_shopify_orders_20260209T205734Z_0008,s1_get_order,1,Shopify,get_order,success,439,,
run_wf_shopify_orders_20260209T205734Z_0008,s2_validate,2,Code,run_python,success,509,,
run_wf_shopify_orders_20260209T205734Z_0008,s3_create_invoice,3,QuickBooks,create_invoice,success,675,,
run_wf_shopify_orders_20260209T205734Z_0008,s4_update_inventory,4,Shopify,update_product,success,639,,
run_wf_shopify_orders_20260209T205734Z_0008,s5_notify_warehouse,5,Slack,send_message,success,340,,
run_wf_shopify_orders_20260209T205734Z_0008,s6_update_crm,6,Salesforce,update_record,success,216,,
run_wf_shopify_orders_20260209T205734Z_0008,s7_log,7,Google Sheets,add_row,failed,733,TIMEOUT,Transient timeout error
run_wf_shopify_orders_20260209T220144Z_0055,s1_get_order,1,Shopify,get_order,success,603,,
run_wf_shopify_orders_20260209T220144Z_0055,s2_validate,2,Code,run_python,failed,811,INTERNAL,Transient internal error
run_wf_shopify_orders_20260209T220144Z_0055,s3_create_invoice,3,QuickBooks,create_invoice,skipped,0,,
run_wf_shopify_orders_20260209T220144Z_0055,s4_update_inventory,4,Shopify,update_product,skipped,0,,
run_wf_shopify_orders_20260209T220144Z_0055,s5_notify_warehouse,5,Slack,send_message,skipped,0,,
run_wf_shopify_orders_20260209T220144Z_0055,s6_update_crm,6,Salesforce,update_record,skipped,0,,
run_wf_shopify_orders_20260209T220144Z_0055,s7_log,7,Google Sheets,add_row,skipped,0,,
run_wf_shopify_orders_20260209T220536Z_0041,s1_get_order,1,Shopify,get_order,success,1433,,
run_wf_shopify_orders_20260209T220536Z_0041,s2_validate,2,Code,run_python,success,244,,
run_wf_shopify_orders_20260209T220536Z_0041,s3_create_invoice,3,QuickBooks,create_invoice,success,525,,
run_wf_shopify_orders_20260209T220536Z_0041,s4_update_inventory,4,Shopify,update_product,success,535,,
run_wf_shopify_orders_20260209T220536Z_0041,s5_notify_warehouse,5,Slack,send_message,success,119,,
run_wf_shopify_orders_20260209T220536Z_0041,s6_update_crm,6,Salesforce,update_record,success,241,,
run_wf_shopify_orders_20260209T220536Z_0041,s7_log,7,Google Sheets,add_row,success,751,,
run_wf_shopify_orders_20260209T223728Z_0179,s1_get_order,1,Shopify,get_order,success,804,,
run_wf_shopify_orders_20260209T223728Z_0179,s2_validate,2,Code,run_python,success,739,,
run_wf_shopify_orders_20260209T223728Z_0179,s3_create_invoice,3,QuickBooks,create_invoice,success,303,,
run_wf_shopify_orders_20260209T223728Z_0179,s4_update_inventory,4,Shopify,update_product,success,168,,
run_wf_shopify_orders_20260209T223728Z_0179,s5_notify_warehouse,5,Slack,send_message,success,288,,
run_wf_shopify_orders_20260209T223728Z_0179,s6_update_crm,6,Salesforce,update_record,success,183,,
run_wf_shopify_orders_20260209T223728Z_0179,s7_log,7,Google Sheets,add_row,success,611,,
run_wf_support_router_20260209T224852Z_0042,s1_receive_ticket,1,Zendesk,get_ticket,success,207,,
run_wf_support_router_20260209T224852Z_0042,s2_classify,2,Code,run_python,success,250,,
run_wf_support_router_20260209T224852Z_0042,s3_route_slack,3,Slack,send_message,success,213,,
run_wf_support_router_20260209T224852Z_0042,s4_create_task,4,Asana,create_task,success,125,,
run_wf_support_router_20260209T224852Z_0042,s5_log_sheet,5,Google Sheets,add_row,failed,489,BAD_INPUT,Transient bad_input error
run_wf_shopify_orders_20260209T234507Z_0060,s1_get_order,1,Shopify,get_order,failed,845,BAD_INPUT,Transient bad_input error
run_wf_shopify_orders_20260209T234507Z_0060,s2_validate,2,Code,run_python,skipped,0,,
run_wf_shopify_orders_20260209T234507Z_0060,s3_create_invoice,3,QuickBooks,create_invoice,skipped,0,,
run_wf_shopify_orders_20260209T234507Z_0060,s4_update_inventory,4,Shopify,update_product,skipped,0,,
run_wf_shopify_orders_20260209T234507Z_0060,s5_notify_warehouse,5,Slack,send_message,skipped,0,,
run_wf_shopify_orders_20260209T234507Z_0060,s6_update_crm,6,Salesforce,update_record,skipped,0,,
run_wf_shopify_orders_20260209T234507Z_0060,s7_log,7,Google Sheets,add_row,skipped,0,,
run_wf_shopify_orders_20260210T001514Z_0014,s1_get_order,1,Shopify,get_order,success,681,,
run_wf_shopify_orders_20260210T001514Z_0014,s2_validate,2,Code,run_python,success,723,,
run_wf_shopify_orders_20260210T001514Z_0014,s3_create_invoice,3,QuickBooks,create_invoice,success,491,,
run_wf_shopify_orders_20260210T001514Z_0014,s4_update_inventory,4,Shopify,update_product,success,683,,
run_wf_shopify_orders_20260210T001514Z_0014,s5_notify_warehouse,5,Slack,send_message,success,141,,
run_wf_shopify_orders_20260210T001514Z_0014,s6_update_crm,6,Salesforce,update_record,success,363,,
run_wf_shopify_orders_20260210T001514Z_0014,s7_log,7,Google Sheets,add_row,failed,656,INTERNAL,Transient internal error
run_wf_shopify_orders_20260210T004213Z_0093,s1_get_order,1,Shopify,get_order,success,1276,,
run_wf_shopify_orders_20260210T004213Z_0093,s2_validate,2,Code,run_python,success,957,,
run_wf_shopify_orders_20260210T004213Z_0093,s3_create_invoice,3,QuickBooks,create_invoice,success,313,,
run_wf_shopify_orders_20260210T004213Z_0093,s4_update_inventory,4,Shopify,update_product,success,132,,
run_wf_shopify_orders_20260210T004213Z_0093,s5_notify_warehouse,5,Slack,send_message,success,213,,
run_wf_shopify_orders_20260210T004213Z_0093,s6_update_crm,6,Salesforce,update_record,success,300,,
run_wf_shopify_orders_20260210T004213Z_0093,s7_log,7,Google Sheets,add_row,success,635,,
run_wf_shopify_orders_20260210T033337Z_0138,s1_get_order,1,Shopify,get_order,success,779,,
run_wf_shopify_orders_20260210T033337Z_0138,s2_validate,2,Code,run_python,success,633,,
run_wf_shopify_orders_20260210T033337Z_0138,s3_create_invoice,3,QuickBooks,create_invoice,success,426,,
run_wf_shopify_orders_20260210T033337Z_0138,s4_update_inventory,4,Shopify,update_product,success,439,,
run_wf_shopify_orders_20260210T033337Z_0138,s5_notify_warehouse,5,Slack,send_message,success,319,,
run_wf_shopify_orders_20260210T033337Z_0138,s6_update_crm,6,Salesforce,update_record,success,205,,
run_wf_shopify_orders_20260210T033337Z_0138,s7_log,7,Google Sheets,add_row,success,319,,
run_wf_shopify_orders_20260210T040017Z_0229,s1_get_order,1,Shopify,get_order,failed,1525,INTERNAL,Transient internal error
run_wf_shopify_orders_20260210T040017Z_0229,s2_validate,2,Code,run_python,skipped,0,,
run_wf_shopify_orders_20260210T040017Z_0229,s3_create_invoice,3,QuickBooks,create_invoice,skipped,0,,
run_wf_shopify_orders_20260210T040017Z_0229,s4_update_inventory,4,Shopify,update_product,skipped,0,,
run_wf_shopify_orders_20260210T040017Z_0229,s5_notify_warehouse,5,Slack,send_message,skipped,0,,
run_wf_shopify_orders_20260210T040017Z_0229,s6_update_crm,6,Salesforce,update_record,skipped,0,,
run_wf_shopify_orders_20260210T040017Z_0229,s7_log,7,Google Sheets,add_row,skipped,0,,
run_wf_support_router_20260210T042649Z_0058,s1_receive_ticket,1,Zendesk,get_ticket,success,341,,
run_wf_support_router_20260210T042649Z_0058,s2_classify,2,Code,run_python,success,256,,
run_wf_support_router_20260210T042649Z_0058,s3_route_slack,3,Slack,send_message,success,191,,
run_wf_support_router_20260210T042649Z_0058,s4_create_task,4,Asana,create_task,success,91,,
run_wf_support_router_20260210T042649Z_0058,s5_log_sheet,5,Google Sheets,add_row,success,313,,
run_wf_shopify_orders_20260210T060841Z_0169,s1_get_order,1,Shopify,get_order,success,634,,
run_wf_shopify_orders_20260210T060841Z_0169,s2_validate,2,Code,run_python,success,636,,
run_wf_shopify_orders_20260210T060841Z_0169,s3_create_invoice,3,QuickBooks,create_invoice,success,152,,
run_wf_shopify_orders_20260210T060841Z_0169,s4_update_inventory,4,Shopify,update_product,success,158,,
run_wf_shopify_orders_20260210T060841Z_0169,s5_notify_warehouse,5,Slack,send_message,success,174,,
run_wf_shopify_orders_20260210T060841Z_0169,s6_update_crm,6,Salesforce,update_record,success,106,,
run_wf_shopify_orders_20260210T060841Z_0169,s7_log,7,Google Sheets,add_row,success,830,,
run_wf_support_router_20260210T062117Z_0012,s1_receive_ticket,1,Zendesk,get_ticket,success,528,,
run_wf_support_router_20260210T062117Z_0012,s2_classify,2,Code,run_python,success,212,,
run_wf_support_router_20260210T062117Z_0012,s3_route_slack,3,Slack,send_message,success,250,,
run_wf_support_router_20260210T062117Z_0012,s4_create_task,4,Asana,create_task,success,153,,
run_wf_support_router_20260210T062117Z_0012,s5_log_sheet,5,Google Sheets,add_row,success,251,,
run_wf_shopify_orders_20260210T064648Z_0018,s1_get_order,1,Shopify,get_order,success,1530,,
run_wf_shopify_orders_20260210T064648Z_0018,s2_validate,2,Code,run_python,success,813,,
run_wf_shopify_orders_20260210T064648Z_0018,s3_create_invoice,3,QuickBooks,create_invoice,success,496,,
run_wf_shopify_orders_20260210T064648Z_0018,s4_update_inventory,4,Shopify,update_product,success,468,,
run_wf_shopify_orders_20260210T064648Z_0018,s5_notify_warehouse,5,Slack,send_message,success,226,,
run_wf_shopify_orders_20260210T064648Z_0018,s6_update_crm,6,Salesforce,update_record,success,168,,
run_wf_shopify_orders_20260210T064648Z_0018,s7_log,7,Google Sheets,add_row,success,482,,
run_wf_invoice_sync_20260210T064733Z_0024,s1_get_invoice,1,Stripe,get_invoice,success,526,,
run_wf_invoice_sync_20260210T064733Z_0024,s2_create_entry,2,QuickBooks,create_invoice,success,439,,
run_wf_invoice_sync_20260210T064733Z_0024,s3_notify,3,Slack,send_message,success,1001,,
run_wf_shopify_returns_20260210T080118Z_0019,s1_get_refund,1,Shopify,get_refund,success,299,,
run_wf_shopify_returns_20260210T080118Z_0019,s2_process,2,Code,run_python,success,472,,
run_wf_shopify_returns_20260210T080118Z_0019,s3_update_inventory,3,Shopify,update_product,success,663,,
run_wf_shopify_returns_20260210T080118Z_0019,s4_notify,4,Slack,send_message,success,1247,,
run_wf_lead_sync_20260210T081427Z_0027,s1_get_contact,1,HubSpot,get_contact,success,779,,
run_wf_lead_sync_20260210T081427Z_0027,s2_transform,2,Code,run_python,success,429,,
run_wf_lead_sync_20260210T081427Z_0027,s3_push_to_sf,3,Salesforce,create_lead,success,348,,
run_wf_lead_sync_20260210T081427Z_0027,s4_notify,4,Slack,send_message,success,1416,,
run_wf_lead_sync_20260210T084531Z_0047,s1_get_contact,1,HubSpot,get_contact,failed,695,INTERNAL,Transient internal error
run_wf_lead_sync_20260210T084531Z_0047,s2_transform,2,Code,run_python,skipped,0,,
run_wf_lead_sync_20260210T084531Z_0047,s3_push_to_sf,3,Salesforce,create_lead,skipped,0,,
run_wf_lead_sync_20260210T084531Z_0047,s4_notify,4,Slack,send_message,skipped,0,,
run_wf_support_router_20260210T085102Z_0061,s1_receive_ticket,1,Zendesk,get_ticket,success,506,,
run_wf_support_router_20260210T085102Z_0061,s2_classify,2,Code,run_python,success,157,,
run_wf_support_router_20260210T085102Z_0061,s3_route_slack,3,Slack,send_message,success,115,,
run_wf_support_router_20260210T085102Z_0061,s4_create_task,4,Asana,create_task,success,122,,
run_wf_support_router_20260210T085102Z_0061,s5_log_sheet,5,Google Sheets,add_row,failed,429,UNKNOWN,Transient unknown error
run_wf_shopify_orders_20260210T085637Z_0234,s1_get_order,1,Shopify,get_order,success,1105,,
run_wf_shopify_orders_20260210T085637Z_0234,s2_validate,2,Code,run_python,success,585,,
run_wf_shopify_orders_20260210T085637Z_0234,s3_create_invoice,3,QuickBooks,create_invoice,success,601,,
run_wf_shopify_orders_20260210T085637Z_0234,s4_update_inventory,4,Shopify,update_product,success,185,,
run_wf_shopify_orders_20260210T085637Z_0234,s5_notify_warehouse,5,Slack,send_message,success,242,,
run_wf_shopify_orders_20260210T085637Z_0234,s6_update_crm,6,Salesforce,update_record,success,199,,
run_wf_shopify_orders_20260210T085637Z_0234,s7_log,7,Google Sheets,add_row,success,752,,
run_wf_support_router_20260210T091503Z_0098,s1_receive_ticket,1,Zendesk,get_ticket,success,116,,
run_wf_support_router_20260210T091503Z_0098,s2_classify,2,Code,run_python,success,319,,
run_wf_support_router_20260210T091503Z_0098,s3_route_slack,3,Slack,send_message,success,119,,
run_wf_support_router_20260210T091503Z_0098,s4_create_task,4,Asana,create_task,success,90,,
run_wf_support_router_20260210T091503Z_0098,s5_log_sheet,5,Google Sheets,add_row,success,388,,
run_wf_shopify_orders_20260210T092705Z_0046,s1_get_order,1,Shopify,get_order,success,1547,,
run_wf_shopify_orders_20260210T092705Z_0046,s2_validate,2,Code,run_python,success,739,,
run_wf_shopify_orders_20260210T092705Z_0046,s3_create_invoice,3,QuickBooks,create_invoice,success,605,,
run_wf_shopify_orders_20260210T092705Z_0046,s4_update_inventory,4,Shopify,update_product,success,522,,
run_wf_shopify_orders_20260210T092705Z_0046,s5_notify_warehouse,5,Slack,send_message,success,185,,
run_wf_shopify_orders_20260210T092705Z_0046,s6_update_crm,6,Salesforce,update_record,success,190,,
run_wf_shopify_orders_20260210T092705Z_0046,s7_log,7,Google Sheets,add_row,success,485,,
run_wf_shopify_orders_20260210T103021Z_0030,s1_get_order,1,Shopify,get_order,success,936,,
run_wf_shopify_orders_20260210T103021Z_0030,s2_validate,2,Code,run_python,success,341,,
run_wf_shopify_orders_20260210T103021Z_0030,s3_create_invoice,3,QuickBooks,create_invoice,success,198,,
run_wf_shopify_orders_20260210T103021Z_0030,s4_update_inventory,4,Shopify,update_product,success,480,,
run_wf_shopify_orders_20260210T103021Z_0030,s5_notify_warehouse,5,Slack,send_message,success,185,,
run_wf_shopify_orders_20260210T103021Z_0030,s6_update_crm,6,Salesforce,update_record,success,233,,
run_wf_shopify_orders_20260210T103021Z_0030,s7_log,7,Google Sheets,add_row,success,564,,
run_wf_shopify_orders_20260210T111245Z_0256,s1_get_order,1,Shopify,get_order,success,984,,
run_wf_shopify_orders_20260210T111245Z_0256,s2_validate,2,Code,run_python,success,791,,
run_wf_shopify_orders_20260210T111245Z_0256,s3_create_invoice,3,QuickBooks,create_invoice,success,442,,
run_wf_shopify_orders_20260210T111245Z_0256,s4_update_inventory,4,Shopify,update_product,success,343,,
run_wf_shopify_orders_20260210T111245Z_0256,s5_notify_warehouse,5,Slack,send_message,success,160,,
run_wf_shopify_orders_20260210T111245Z_0256,s6_update_crm,6,Salesforce,update_record,success,144,,
run_wf_shopify_orders_20260210T111245Z_0256,s7_log,7,Google Sheets,add_row,success,306,,
run_wf_support_router_20260210T114913Z_0095,s1_receive_ticket,1,Zendesk,get_ticket,success,354,,
run_wf_support_router_20260210T114913Z_0095,s2_classify,2,Code,run_python,success,360,,
run_wf_support_router_20260210T114913Z_0095,s3_route_slack,3,Slack,send_message,success,206,,
run_wf_support_router_20260210T114913Z_0095,s4_create_task,4,Asana,create_task,success,139,,
run_wf_support_router_20260210T114913Z_0095,s5_log_sheet,5,Google Sheets,add_row,success,219,,
run_wf_shopify_orders_20260210T131349Z_0113,s1_get_order,1,Shopify,get_order,success,473,,
run_wf_shopify_orders_20260210T131349Z_0113,s2_validate,2,Code,run_python,success,952,,
run_wf_shopify_orders_20260210T131349Z_0113,s3_create_invoice,3,QuickBooks,create_invoice,success,651,,
run_wf_shopify_orders_20260210T131349Z_0113,s4_update_inventory,4,Shopify,update_product,success,648,,
run_wf_shopify_orders_20260210T131349Z_0113,s5_notify_warehouse,5,Slack,send_message,success,175,,
run_wf_shopify_orders_20260210T131349Z_0113,s6_update_crm,6,Salesforce,update_record,success,413,,
run_wf_shopify_orders_20260210T131349Z_0113,s7_log,7,Google Sheets,add_row,success,700,,
run_wf_lead_sync_20260210T132549Z_0028,s1_get_contact,1,HubSpot,get_contact,success,244,,
run_wf_lead_sync_20260210T132549Z_0028,s2_transform,2,Code,run_python,success,358,,
run_wf_lead_sync_20260210T132549Z_0028,s3_push_to_sf,3,Salesforce,create_lead,failed,343,BAD_INPUT,Transient bad_input error
run_wf_lead_sync_20260210T132549Z_0028,s4_notify,4,Slack,send_message,skipped,0,,
run_wf_lead_sync_20260210T150251Z_0033,s1_get_contact,1,HubSpot,get_contact,success,714,,
run_wf_lead_sync_20260210T150251Z_0033,s2_transform,2,Code,run_python,success,454,,
run_wf_lead_sync_20260210T150251Z_0033,s3_push_to_sf,3,Salesforce,create_lead,success,319,,
run_wf_lead_sync_20260210T150251Z_0033,s4_notify,4,Slack,send_message,success,1080,,
run_wf_shopify_orders_20260210T150436Z_0224,s1_get_order,1,Shopify,get_order,success,582,,
run_wf_shopify_orders_20260210T150436Z_0224,s2_validate,2,Code,run_python,success,828,,
run_wf_shopify_orders_20260210T150436Z_0224,s3_create_invoice,3,QuickBooks,create_invoice,success,363,,
run_wf_shopify_orders_20260210T150436Z_0224,s4_update_inventory,4,Shopify,update_product,success,338,,
run_wf_shopify_orders_20260210T150436Z_0224,s5_notify_warehouse,5,Slack,send_message,success,349,,
run_wf_shopify_orders_20260210T150436Z_0224,s6_update_crm,6,Salesforce,update_record,success,248,,
run_wf_shopify_orders_20260210T150436Z_0224,s7_log,7,Google Sheets,add_row,success,1008,,
run_wf_lead_sync_20260210T151135Z_0081,s1_get_contact,1,HubSpot,get_contact,success,885,,
run_wf_lead_sync_20260210T151135Z_0081,s2_transform,2,Code,run_python,success,316,,
run_wf_lead_sync_20260210T151135Z_0081,s3_push_to_sf,3,Salesforce,create_lead,success,423,,
run_wf_lead_sync_20260210T151135Z_0081,s4_notify,4,Slack,send_message,success,976,,
run_wf_lead_sync_20260210T155043Z_0014,s1_get_contact,1,HubSpot,get_contact,success,556,,
run_wf_lead_sync_20260210T155043Z_0014,s2_transform,2,Code,run_python,success,236,,
run_wf_lead_sync_20260210T155043Z_0014,s3_push_to_sf,3,Salesforce,create_lead,success,148,,
run_wf_lead_sync_20260210T155043Z_0014,s4_notify,4,Slack,send_message,success,914,,
run_wf_shopify_orders_20260210T160716Z_0248,s1_get_order,1,Shopify,get_order,success,922,,
run_wf_shopify_orders_20260210T160716Z_0248,s2_validate,2,Code,run_python,success,855,,
run_wf_shopify_orders_20260210T160716Z_0248,s3_create_invoice,3,QuickBooks,create_invoice,success,701,,
run_wf_shopify_orders_20260210T160716Z_0248,s4_update_inventory,4,Shopify,update_product,success,431,,
run_wf_shopify_orders_20260210T160716Z_0248,s5_notify_warehouse,5,Slack,send_message,success,232,,
run_wf_shopify_orders_20260210T160716Z_0248,s6_update_crm,6,Salesforce,update_record,success,378,,
run_wf_shopify_orders_20260210T160716Z_0248,s7_log,7,Google Sheets,add_row,success,665,,
run_wf_support_router_20260210T162340Z_0020,s1_receive_ticket,1,Zendesk,get_ticket,failed,263,INTERNAL,Transient internal error
run_wf_support_router_20260210T162340Z_0020,s2_classify,2,Code,run_python,skipped,0,,
run_wf_support_router_20260210T162340Z_0020,s3_route_slack,3,Slack,send_message,skipped,0,,
run_wf_support_router_20260210T162340Z_0020,s4_create_task,4,Asana,create_task,skipped,0,,
run_wf_support_router_20260210T162340Z_0020,s5_log_sheet,5,Google Sheets,add_row,skipped,0,,
run_wf_support_router_20260210T163157Z_0073,s1_receive_ticket,1,Zendesk,get_ticket,success,168,,
run_wf_support_router_20260210T163157Z_0073,s2_classify,2,Code,run_python,failed,218,UNKNOWN,Transient unknown error
run_wf_support_router_20260210T163157Z_0073,s3_route_slack,3,Slack,send_message,skipped,0,,
run_wf_support_router_20260210T163157Z_0073,s4_create_task,4,Asana,create_task,skipped,0,,
run_wf_support_router_20260210T163157Z_0073,s5_log_sheet,5,Google Sheets,add_row,skipped,0,,
run_wf_support_router_20260210T175438Z_0036,s1_receive_ticket,1,Zendesk,get_ticket,success,297,,
run_wf_support_router_20260210T175438Z_0036,s2_classify,2,Code,run_python,success,424,,
run_wf_support_router_20260210T175438Z_0036,s3_route_slack,3,Slack,send_message,success,108,,
run_wf_support_router_20260210T175438Z_0036,s4_create_task,4,Asana,create_task,success,226,,
run_wf_support_router_20260210T175438Z_0036,s5_log_sheet,5,Google Sheets,add_row,failed,403,INTERNAL,Transient internal error
run_wf_shopify_orders_20260210T180425Z_0134,s1_get_order,1,Shopify,get_order,success,1001,,
run_wf_shopify_orders_20260210T180425Z_0134,s2_validate,2,Code,run_python,success,384,,
run_wf_shopify_orders_20260210T180425Z_0134,s3_create_invoice,3,QuickBooks,create_invoice,success,556,,
run_wf_shopify_orders_20260210T180425Z_0134,s4_update_inventory,4,Shopify,update_product,success,492,,
run_wf_shopify_orders_20260210T180425Z_0134,s5_notify_warehouse,5,Slack,send_message,success,247,,
run_wf_shopify_orders_20260210T180425Z_0134,s6_update_crm,6,Salesforce,update_record,success,96,,
run_wf_shopify_orders_20260210T180425Z_0134,s7_log,7,Google Sheets,add_row,success,498,,
run_wf_invoice_sync_20260210T183549Z_0026,s1_get_invoice,1,Stripe,get_invoice,success,370,,
run_wf_invoice_sync_20260210T183549Z_0026,s2_create_entry,2,QuickBooks,create_invoice,success,199,,
run_wf_invoice_sync_20260210T183549Z_0026,s3_notify,3,Slack,send_message,success,1574,,
run_wf_support_router_20260210T185044Z_0100,s1_receive_ticket,1,Zendesk,get_ticket,success,255,,
run_wf_support_router_20260210T185044Z_0100,s2_classify,2,Code,run_python,success,204,,
run_wf_support_router_20260210T185044Z_0100,s3_route_slack,3,Slack,send_message,failed,318,TIMEOUT,Transient timeout error
run_wf_support_router_20260210T185044Z_0100,s4_create_task,4,Asana,create_task,skipped,0,,
run_wf_support_router_20260210T185044Z_0100,s5_log_sheet,5,Google Sheets,add_row,skipped,0,,
run_wf_support_router_20260210T185826Z_0055,s1_receive_ticket,1,Zendesk,get_ticket,success,249,,
run_wf_support_router_20260210T185826Z_0055,s2_classify,2,Code,run_python,success,163,,
run_wf_support_router_20260210T185826Z_0055,s3_route_slack,3,Slack,send_message,success,250,,
run_wf_support_router_20260210T185826Z_0055,s4_create_task,4,Asana,create_task,success,69,,
run_wf_support_router_20260210T185826Z_0055,s5_log_sheet,5,Google Sheets,add_row,success,406,,
run_wf_shopify_orders_20260210T200123Z_0037,s1_get_order,1,Shopify,get_order,success,442,,
run_wf_shopify_orders_20260210T200123Z_0037,s2_validate,2,Code,run_python,success,371,,
run_wf_shopify_orders_20260210T200123Z_0037,s3_create_invoice,3,QuickBooks,create_invoice,success,315,,
run_wf_shopify_orders_20260210T200123Z_0037,s4_update_inventory,4,Shopify,update_product,success,334,,
run_wf_shopify_orders_20260210T200123Z_0037,s5_notify_warehouse,5,Slack,send_message,success,104,,
run_wf_shopify_orders_20260210T200123Z_0037,s6_update_crm,6,Salesforce,update_record,success,108,,
run_wf_shopify_orders_20260210T200123Z_0037,s7_log,7,Google Sheets,add_row,success,400,,
run_wf_shopify_orders_20260210T215213Z_0032,s1_get_order,1,Shopify,get_order,success,933,,
run_wf_shopify_orders_20260210T215213Z_0032,s2_validate,2,Code,run_python,failed,601,BAD_INPUT,Transient bad_input error
run_wf_shopify_orders_20260210T215213Z_0032,s3_create_invoice,3,QuickBooks,create_invoice,skipped,0,,
run_wf_shopify_orders_20260210T215213Z_0032,s4_update_inventory,4,Shopify,update_product,skipped,0,,
run_wf_shopify_orders_20260210T215213Z_0032,s5_notify_warehouse,5,Slack,send_message,skipped,0,,
run_wf_shopify_orders_20260210T215213Z_0032,s6_update_crm,6,Salesforce,update_record,skipped,0,,
run_wf_shopify_orders_20260210T215213Z_0032,s7_log,7,Google Sheets,add_row,skipped,0,,
run_wf_shopify_orders_20260210T220527Z_0083,s1_get_order,1,Shopify,get_order,success,914,,
run_wf_shopify_orders_20260210T220527Z_0083,s2_validate,2,Code,run_python,success,351,,
run_wf_shopify_orders_20260210T220527Z_0083,s3_create_invoice,3,QuickBooks,create_invoice,success,175,,
run_wf_shopify_orders_20260210T220527Z_0083,s4_update_inventory,4,Shopify,update_product,success,239,,
run_wf_shopify_orders_20260210T220527Z_0083,s5_notify_warehouse,5,Slack,send_message,success,270,,
run_wf_shopify_orders_20260210T220527Z_0083,s6_update_crm,6,Salesforce,update_record,success,52,,
run_wf_shopify_orders_20260210T220527Z_0083,s7_log,7,Google Sheets,add_row,success,368,,
run_wf_shopify_orders_20260210T222226Z_0181,s1_get_order,1,Shopify,get_order,success,1023,,
run_wf_shopify_orders_20260210T222226Z_0181,s2_validate,2,Code,run_python,success,718,,
run_wf_shopify_orders_20260210T222226Z_0181,s3_create_invoice,3,QuickBooks,create_invoice,success,710,,
run_wf_shopify_orders_20260210T222226Z_0181,s4_update_inventory,4,Shopify,update_product,success,121,,
run_wf_shopify_orders_20260210T222226Z_0181,s5_notify_warehouse,5,Slack,send_message,success,116,,
run_wf_shopify_orders_20260210T222226Z_0181,s6_update_crm,6,Salesforce,update_record,success,315,,
run_wf_shopify_orders_20260210T222226Z_0181,s7_log,7,Google Sheets,add_row,success,578,,
run_wf_shopify_orders_20260210T222730Z_0000,s1_get_order,1,Shopify,get_order,success,574,,
run_wf_shopify_orders_20260210T222730Z_0000,s2_validate,2,Code,run_python,success,772,,
run_wf_shopify_orders_20260210T222730Z_0000,s3_create_invoice,3,QuickBooks,create_invoice,success,1262,,
run_wf_shopify_orders_20260210T222730Z_0000,s4_update_inventory,4,Shopify,update_product,success,557,,
run_wf_shopify_orders_20260210T222730Z_0000,s5_notify_warehouse,5,Slack,send_message,success,455,,
run_wf_shopify_orders_20260210T222730Z_0000,s6_update_crm,6,Salesforce,update_record,success,694,,
run_wf_shopify_orders_20260210T222730Z_0000,s7_log,7,Google Sheets,add_row,success,1304,,
run_wf_shopify_orders_20260210T231106Z_0245,s1_get_order,1,Shopify,get_order,success,481,,
run_wf_shopify_orders_20260210T231106Z_0245,s2_validate,2,Code,run_python,success,622,,
run_wf_shopify_orders_20260210T231106Z_0245,s3_create_invoice,3,QuickBooks,create_invoice,success,437,,
run_wf_shopify_orders_20260210T231106Z_0245,s4_update_inventory,4,Shopify,update_product,success,267,,
run_wf_shopify_orders_20260210T231106Z_0245,s5_notify_warehouse,5,Slack,send_message,success,285,,
run_wf_shopify_orders_20260210T231106Z_0245,s6_update_crm,6,Salesforce,update_record,success,168,,
run_wf_shopify_orders_20260210T231106Z_0245,s7_log,7,Google Sheets,add_row,success,289,,
run_wf_shopify_orders_20260211T002943Z_0139,s1_get_order,1,Shopify,get_order,success,1272,,
run_wf_shopify_orders_20260211T002943Z_0139,s2_validate,2,Code,run_python,success,867,,
run_wf_shopify_orders_20260211T002943Z_0139,s3_create_invoice,3,QuickBooks,create_invoice,success,706,,
run_wf_shopify_orders_20260211T002943Z_0139,s4_update_inventory,4,Shopify,update_product,success,313,,
run_wf_shopify_orders_20260211T002943Z_0139,s5_notify_warehouse,5,Slack,send_message,success,91,,
run_wf_shopify_orders_20260211T002943Z_0139,s6_update_crm,6,Salesforce,update_record,success,109,,
run_wf_shopify_orders_20260211T002943Z_0139,s7_log,7,Google Sheets,add_row,success,588,,
run_wf_shopify_orders_20260211T004557Z_0113,s1_get_order,1,Shopify,get_order,success,633,,
run_wf_shopify_orders_20260211T004557Z_0113,s2_validate,2,Code,run_python,success,663,,
run_wf_shopify_orders_20260211T004557Z_0113,s3_create_invoice,3,QuickBooks,create_invoice,success,435,,
run_wf_shopify_orders_20260211T004557Z_0113,s4_update_inventory,4,Shopify,update_product,success,241,,
run_wf_shopify_orders_20260211T004557Z_0113,s5_notify_warehouse,5,Slack,send_message,failed,173,TIMEOUT,Transient timeout error
run_wf_shopify_orders_20260211T004557Z_0113,s6_update_crm,6,Salesforce,update_record,skipped,0,,
run_wf_shopify_orders_20260211T004557Z_0113,s7_log,7,Google Sheets,add_row,skipped,0,,
run_wf_shopify_orders_20260211T023506Z_0169,s1_get_order,1,Shopify,get_order,success,344,,
run_wf_shopify_orders_20260211T023506Z_0169,s2_validate,2,Code,run_python,success,345,,
run_wf_shopify_orders_20260211T023506Z_0169,s3_create_invoice,3,QuickBooks,create_invoice,success,915,,
run_wf_shopify_orders_20260211T023506Z_0169,s4_update_inventory,4,Shopify,update_product,failed,162,BAD_INPUT,Transient bad_input error
run_wf_shopify_orders_20260211T023506Z_0169,s5_notify_warehouse,5,Slack,send_message,skipped,0,,
run_wf_shopify_orders_20260211T023506Z_0169,s6_update_crm,6,Salesforce,update_record,skipped,0,,
run_wf_shopify_orders_20260211T023506Z_0169,s7_log,7,Google Sheets,add_row,skipped,0,,
run_wf_shopify_orders_20260211T031346Z_0185,s1_get_order,1,Shopify,get_order,success,723,,
run_wf_shopify_orders_20260211T031346Z_0185,s2_validate,2,Code,run_python,failed,521,TIMEOUT,Transient timeout error
run_wf_shopify_orders_20260211T031346Z_0185,s3_create_invoice,3,QuickBooks,create_invoice,skipped,0,,
run_wf_shopify_orders_20260211T031346Z_0185,s4_update_inventory,4,Shopify,update_product,skipped,0,,
run_wf_shopify_orders_20260211T031346Z_0185,s5_notify_warehouse,5,Slack,send_message,skipped,0,,
run_wf_shopify_orders_20260211T031346Z_0185,s6_update_crm,6,Salesforce,update_record,skipped,0,,
run_wf_shopify_orders_20260211T031346Z_0185,s7_log,7,Google Sheets,add_row,skipped,0,,
run_wf_support_router_20260211T041002Z_0108,s1_receive_ticket,1,Zendesk,get_ticket,success,329,,
run_wf_support_router_20260211T041002Z_0108,s2_classify,2,Code,run_python,failed,108,BAD_INPUT,Transient bad_input error
run_wf_support_router_20260211T041002Z_0108,s3_route_slack,3,Slack,send_message,skipped,0,,
run_wf_support_router_20260211T041002Z_0108,s4_create_task,4,Asana,create_task,skipped,0,,
run_wf_support_router_20260211T041002Z_0108,s5_log_sheet,5,Google Sheets,add_row,skipped,0,,
run_wf_shopify_orders_20260211T042849Z_0180,s1_get_order,1,Shopify,get_order,success,703,,
run_wf_shopify_orders_20260211T042849Z_0180,s2_validate,2,Code,run_python,success,552,,
run_wf_shopify_orders_20260211T042849Z_0180,s3_create_invoice,3,QuickBooks,create_invoice,success,261,,
run_wf_shopify_orders_20260211T042849Z_0180,s4_update_inventory,4,Shopify,update_product,success,194,,
run_wf_shopify_orders_20260211T042849Z_0180,s5_notify_warehouse,5,Slack,send_message,success,300,,
run_wf_shopify_orders_20260211T042849Z_0180,s6_update_crm,6,Salesforce,update_record,success,276,,
run_wf_shopify_orders_20260211T042849Z_0180,s7_log,7,Google Sheets,add_row,success,631,,
run_wf_support_router_20260211T061318Z_0055,s1_receive_ticket,1,Zendesk,get_ticket,success,326,,
run_wf_support_router_20260211T061318Z_0055,s2_classify,2,Code,run_python,success,317,,
run_wf_support_router_20260211T061318Z_0055,s3_route_slack,3,Slack,send_message,success,158,,
run_wf_support_router_20260211T061318Z_0055,s4_create_task,4,Asana,create_task,success,253,,
run_wf_support_router_20260211T061318Z_0055,s5_log_sheet,5,Google Sheets,add_row,success,409,,
run_wf_invoice_sync_20260211T063522Z_0027,s1_get_invoice,1,Stripe,get_invoice,success,376,,
run_wf_invoice_sync_20260211T063522Z_0027,s2_create_entry,2,QuickBooks,create_invoice,success,938,,
run_wf_invoice_sync_20260211T063522Z_0027,s3_notify,3,Slack,send_message,success,1444,,
run_wf_support_router_20260211T065032Z_0029,s1_receive_ticket,1,Zendesk,get_ticket,success,173,,
run_wf_support_router_20260211T065032Z_0029,s2_classify,2,Code,run_python,success,338,,
run_wf_support_router_20260211T065032Z_0029,s3_route_slack,3,Slack,send_message,success,89,,
run_wf_support_router_20260211T065032Z_0029,s4_create_task,4,Asana,create_task,success,94,,
run_wf_support_router_20260211T065032Z_0029,s5_log_sheet,5,Google Sheets,add_row,success,626,,
run_wf_support_router_20260211T072308Z_0059,s1_receive_ticket,1,Zendesk,get_ticket,success,380,,
run_wf_support_router_20260211T072308Z_0059,s2_classify,2,Code,run_python,success,133,,
run_wf_support_router_20260211T072308Z_0059,s3_route_slack,3,Slack,send_message,success,189,,
run_wf_support_router_20260211T072308Z_0059,s4_create_task,4,Asana,create_task,success,177,,
run_wf_support_router_20260211T072308Z_0059,s5_log_sheet,5,Google Sheets,add_row,failed,729,UNKNOWN,Transient unknown error
run_wf_shopify_returns_20260211T073952Z_0004,s1_get_refund,1,Shopify,get_refund,success,665,,
run_wf_shopify_returns_20260211T073952Z_0004,s2_process,2,Code,run_python,success,537,,
run_wf_shopify_returns_20260211T073952Z_0004,s3_update_inventory,3,Shopify,update_product,success,446,,
run_wf_shopify_returns_20260211T073952Z_0004,s4_notify,4,Slack,send_message,success,809,,
run_wf_invoice_sync_20260211T092115Z_0002,s1_get_invoice,1,Stripe,get_invoice,success,688,,
run_wf_invoice_sync_20260211T092115Z_0002,s2_create_entry,2,QuickBooks,create_invoice,failed,431,BAD_INPUT,Transient bad_input error
run_wf_invoice_sync_20260211T092115Z_0002,s3_notify,3,Slack,send_message,skipped,0,,
run_wf_support_router_20260211T102827Z_0000,s1_receive_ticket,1,Zendesk,get_ticket,success,284,,
run_wf_support_router_20260211T102827Z_0000,s2_classify,2,Code,run_python,success,191,,
run_wf_support_router_20260211T102827Z_0000,s3_route_slack,3,Slack,send_message,failed,255,BAD_INPUT,Transient bad_input error
run_wf_support_router_20260211T102827Z_0000,s4_create_task,4,Asana,create_task,skipped,0,,
run_wf_support_router_20260211T102827Z_0000,s5_log_sheet,5,Google Sheets,add_row,skipped,0,,
run_wf_lead_sync_20260211T103446Z_0028,s1_get_contact,1,HubSpot,get_contact,success,158,,
run_wf_lead_sync_20260211T103446Z_0028,s2_transform,2,Code,run_python,success,252,,
run_wf_lead_sync_20260211T103446Z_0028,s3_push_to_sf,3,Salesforce,create_lead,success,356,,
run_wf_lead_sync_20260211T103446Z_0028,s4_notify,4,Slack,send_message,success,672,,
run_wf_support_router_20260211T112012Z_0111,s1_receive_ticket,1,Zendesk,get_ticket,success,257,,
run_wf_support_router_20260211T112012Z_0111,s2_classify,2,Code,run_python,success,217,,
run_wf_support_router_20260211T112012Z_0111,s3_route_slack,3,Slack,send_message,success,170,,
run_wf_support_router_20260211T112012Z_0111,s4_create_task,4,Asana,create_task,success,113,,
run_wf_support_router_20260211T112012Z_0111,s5_log_sheet,5,Google Sheets,add_row,success,277,,
run_wf_support_router_20260211T113711Z_0107,s1_receive_ticket,1,Zendesk,get_ticket,success,165,,
run_wf_support_router_20260211T113711Z_0107,s2_classify,2,Code,run_python,success,328,,
run_wf_support_router_20260211T113711Z_0107,s3_route_slack,3,Slack,send_message,success,219,,
run_wf_support_router_20260211T113711Z_0107,s4_create_task,4,Asana,create_task,success,210,,
run_wf_support_router_20260211T113711Z_0107,s5_log_sheet,5,Google Sheets,add_row,success,329,,
run_wf_shopify_orders_20260211T121815Z_0114,s1_get_order,1,Shopify,get_order,success,829,,
run_wf_shopify_orders_20260211T121815Z_0114,s2_validate,2,Code,run_python,success,486,,
run_wf_shopify_orders_20260211T121815Z_0114,s3_create_invoice,3,QuickBooks,create_invoice,success,302,,
run_wf_shopify_orders_20260211T121815Z_0114,s4_update_inventory,4,Shopify,update_product,success,404,,
run_wf_shopify_orders_20260211T121815Z_0114,s5_notify_warehouse,5,Slack,send_message,success,156,,
run_wf_shopify_orders_20260211T121815Z_0114,s6_update_crm,6,Salesforce,update_record,success,102,,
run_wf_shopify_orders_20260211T121815Z_0114,s7_log,7,Google Sheets,add_row,success,490,,
run_wf_shopify_orders_20260211T123632Z_0102,s1_get_order,1,Shopify,get_order,success,1057,,
run_wf_shopify_orders_20260211T123632Z_0102,s2_validate,2,Code,run_python,success,548,,
run_wf_shopify_orders_20260211T123632Z_0102,s3_create_invoice,3,QuickBooks,create_invoice,success,175,,
run_wf_shopify_orders_20260211T123632Z_0102,s4_update_inventory,4,Shopify,update_product,success,94,,
run_wf_shopify_orders_20260211T123632Z_0102,s5_notify_warehouse,5,Slack,send_message,success,299,,
run_wf_shopify_orders_20260211T123632Z_0102,s6_update_crm,6,Salesforce,update_record,success,67,,
run_wf_shopify_orders_20260211T123632Z_0102,s7_log,7,Google Sheets,add_row,success,436,,
run_wf_shopify_orders_20260211T132819Z_0076,s1_get_order,1,Shopify,get_order,success,527,,
run_wf_shopify_orders_20260211T132819Z_0076,s2_validate,2,Code,run_python,success,771,,
run_wf_shopify_orders_20260211T132819Z_0076,s3_create_invoice,3,QuickBooks,create_invoice,success,186,,
run_wf_shopify_orders_20260211T132819Z_0076,s4_update_inventory,4,Shopify,update_product,success,131,,
run_wf_shopify_orders_20260211T132819Z_0076,s5_notify_warehouse,5,Slack,send_message,success,172,,
run_wf_shopify_orders_20260211T132819Z_0076,s6_update_crm,6,Salesforce,update_record,success,251,,
run_wf_shopify_orders_20260211T132819Z_0076,s7_log,7,Google Sheets,add_row,success,537,,
run_wf_invoice_sync_20260211T143839Z_0025,s1_get_invoice,1,Stripe,get_invoice,success,645,,
run_wf_invoice_sync_20260211T143839Z_0025,s2_create_entry,2,QuickBooks,create_invoice,failed,405,UNKNOWN,Transient unknown error
run_wf_invoice_sync_20260211T143839Z_0025,s3_notify,3,Slack,send_message,skipped,0,,
run_wf_lead_sync_20260211T151930Z_0022,s1_get_contact,1,HubSpot,get_contact,success,671,,
run_wf_lead_sync_20260211T151930Z_0022,s2_transform,2,Code,run_python,success,530,,
run_wf_lead_sync_20260211T151930Z_0022,s3_push_to_sf,3,Salesforce,create_lead,success,252,,
run_wf_lead_sync_20260211T151930Z_0022,s4_notify,4,Slack,send_message,success,734,,
run_wf_invoice_sync_20260211T155856Z_0021,s1_get_invoice,1,Stripe,get_invoice,success,700,,
run_wf_invoice_sync_20260211T155856Z_0021,s2_create_entry,2,QuickBooks,create_invoice,failed,490,BAD_INPUT,Transient bad_input error
run_wf_invoice_sync_20260211T155856Z_0021,s3_notify,3,Slack,send_message,skipped,0,,
run_wf_shopify_orders_20260211T160738Z_0210,s1_get_order,1,Shopify,get_order,success,1113,,
run_wf_shopify_orders_20260211T160738Z_0210,s2_validate,2,Code,run_python,failed,544,BAD_INPUT,Transient bad_input error
run_wf_shopify_orders_20260211T160738Z_0210,s3_create_invoice,3,QuickBooks,create_invoice,skipped,0,,
run_wf_shopify_orders_20260211T160738Z_0210,s4_update_inventory,4,Shopify,update_product,skipped,0,,
run_wf_shopify_orders_20260211T160738Z_0210,s5_notify_warehouse,5,Slack,send_message,skipped,0,,
run_wf_shopify_orders_20260211T160738Z_0210,s6_update_crm,6,Salesforce,update_record,skipped,0,,
run_wf_shopify_orders_20260211T160738Z_0210,s7_log,7,Google Sheets,add_row,skipped,0,,
run_wf_shopify_orders_20260211T161753Z_0166,s1_get_order,1,Shopify,get_order,success,839,,
run_wf_shopify_orders_20260211T161753Z_0166,s2_validate,2,Code,run_python,success,184,,
run_wf_shopify_orders_20260211T161753Z_0166,s3_create_invoice,3,QuickBooks,create_invoice,success,454,,
run_wf_shopify_orders_20260211T161753Z_0166,s4_update_inventory,4,Shopify,update_product,success,246,,
run_wf_shopify_orders_20260211T161753Z_0166,s5_notify_warehouse,5,Slack,send_message,success,55,,
run_wf_shopify_orders_20260211T161753Z_0166,s6_update_crm,6,Salesforce,update_record,success,83,,
run_wf_shopify_orders_20260211T161753Z_0166,s7_log,7,Google Sheets,add_row,failed,394,TIMEOUT,Transient timeout error
run_wf_shopify_orders_20260211T161935Z_0141,s1_get_order,1,Shopify,get_order,success,1397,,
run_wf_shopify_orders_20260211T161935Z_0141,s2_validate,2,Code,run_python,success,1338,,
run_wf_shopify_orders_20260211T161935Z_0141,s3_create_invoice,3,QuickBooks,create_invoice,success,408,,
run_wf_shopify_orders_20260211T161935Z_0141,s4_update_inventory,4,Shopify,update_product,success,396,,
run_wf_shopify_orders_20260211T161935Z_0141,s5_notify_warehouse,5,Slack,send_message,success,374,,
run_wf_shopify_orders_20260211T161935Z_0141,s6_update_crm,6,Salesforce,update_record,success,132,,
run_wf_shopify_orders_20260211T161935Z_0141,s7_log,7,Google Sheets,add_row,success,979,,
run_wf_shopify_orders_20260211T171250Z_0106,s1_get_order,1,Shopify,get_order,success,601,,
run_wf_shopify_orders_20260211T171250Z_0106,s2_validate,2,Code,run_python,success,597,,
run_wf_shopify_orders_20260211T171250Z_0106,s3_create_invoice,3,QuickBooks,create_invoice,success,263,,
run_wf_shopify_orders_20260211T171250Z_0106,s4_update_inventory,4,Shopify,update_product,success,146,,
run_wf_shopify_orders_20260211T171250Z_0106,s5_notify_warehouse,5,Slack,send_message,success,158,,
run_wf_shopify_orders_20260211T171250Z_0106,s6_update_crm,6,Salesforce,update_record,success,56,,
run_wf_shopify_orders_20260211T171250Z_0106,s7_log,7,Google Sheets,add_row,failed,311,TIMEOUT,Transient timeout error
run_wf_shopify_returns_20260211T172321Z_0025,s1_get_refund,1,Shopify,get_refund,success,354,,
run_wf_shopify_returns_20260211T172321Z_0025,s2_process,2,Code,run_python,success,561,,
run_wf_shopify_returns_20260211T172321Z_0025,s3_update_inventory,3,Shopify,update_product,success,157,,
run_wf_shopify_returns_20260211T172321Z_0025,s4_notify,4,Slack,send_message,failed,1056,BAD_INPUT,Transient bad_input error
run_wf_lead_sync_20260211T175249Z_0066,s1_get_contact,1,HubSpot,get_contact,success,336,,
run_wf_lead_sync_20260211T175249Z_0066,s2_transform,2,Code,run_python,success,288,,
run_wf_lead_sync_20260211T175249Z_0066,s3_push_to_sf,3,Salesforce,create_lead,success,353,,
run_wf_lead_sync_20260211T175249Z_0066,s4_notify,4,Slack,send_message,success,719,,
run_wf_shopify_orders_20260211T175407Z_0238,s1_get_order,1,Shopify,get_order,success,1477,,
run_wf_shopify_orders_20260211T175407Z_0238,s2_validate,2,Code,run_python,success,580,,
run_wf_shopify_orders_20260211T175407Z_0238,s3_create_invoice,3,QuickBooks,create_invoice,success,557,,
run_wf_shopify_orders_20260211T175407Z_0238,s4_update_inventory,4,Shopify,update_product,success,573,,
run_wf_shopify_orders_20260211T175407Z_0238,s5_notify_warehouse,5,Slack,send_message,success,318,,
run_wf_shopify_orders_20260211T175407Z_0238,s6_update_crm,6,Salesforce,update_record,success,203,,
run_wf_shopify_orders_20260211T175407Z_0238,s7_log,7,Google Sheets,add_row,success,390,,
run_wf_support_router_20260211T193039Z_0090,s1_receive_ticket,1,Zendesk,get_ticket,success,123,,
run_wf_support_router_20260211T193039Z_0090,s2_classify,2,Code,run_python,success,119,,
run_wf_support_router_20260211T193039Z_0090,s3_route_slack,3,Slack,send_message,failed,132,INTERNAL,Transient internal error
run_wf_support_router_20260211T193039Z_0090,s4_create_task,4,Asana,create_task,skipped,0,,
run_wf_support_router_20260211T193039Z_0090,s5_log_sheet,5,Google Sheets,add_row,skipped,0,,
run_wf_shopify_orders_20260211T203207Z_0065,s1_get_order,1,Shopify,get_order,success,441,,
run_wf_shopify_orders_20260211T203207Z_0065,s2_validate,2,Code,run_python,success,1282,,
run_wf_shopify_orders_20260211T203207Z_0065,s3_create_invoice,3,QuickBooks,create_invoice,failed,842,UNKNOWN,Transient unknown error
run_wf_shopify_orders_20260211T203207Z_0065,s4_update_inventory,4,Shopify,update_product,skipped,0,,
run_wf_shopify_orders_20260211T203207Z_0065,s5_notify_warehouse,5,Slack,send_message,skipped,0,,
run_wf_shopify_orders_20260211T203207Z_0065,s6_update_crm,6,Salesforce,update_record,skipped,0,,
run_wf_shopify_orders_20260211T203207Z_0065,s7_log,7,Google Sheets,add_row,skipped,0,,
run_wf_shopify_orders_20260211T205724Z_0087,s1_get_order,1,Shopify,get_order,success,941,,
run_wf_shopify_orders_20260211T205724Z_0087,s2_validate,2,Code,run_python,success,398,,
run_wf_shopify_orders_20260211T205724Z_0087,s3_create_invoice,3,QuickBooks,create_invoice,success,648,,
run_wf_shopify_orders_20260211T205724Z_0087,s4_update_inventory,4,Shopify,update_product,success,262,,
run_wf_shopify_orders_20260211T205724Z_0087,s5_notify_warehouse,5,Slack,send_message,success,510,,
run_wf_shopify_orders_20260211T205724Z_0087,s6_update_crm,6,Salesforce,update_record,success,90,,
run_wf_shopify_orders_20260211T205724Z_0087,s7_log,7,Google Sheets,add_row,success,683,,
run_wf_shopify_orders_20260211T214326Z_0030,s1_get_order,1,Shopify,get_order,success,1268,,
run_wf_shopify_orders_20260211T214326Z_0030,s2_validate,2,Code,run_python,success,548,,
run_wf_shopify_orders_20260211T214326Z_0030,s3_create_invoice,3,QuickBooks,create_invoice,success,451,,
run_wf_shopify_orders_20260211T214326Z_0030,s4_update_inventory,4,Shopify,update_product,success,572,,
run_wf_shopify_orders_20260211T214326Z_0030,s5_notify_warehouse,5,Slack,send_message,success,116,,
run_wf_shopify_orders_20260211T214326Z_0030,s6_update_crm,6,Salesforce,update_record,success,319,,
run_wf_shopify_orders_20260211T214326Z_0030,s7_log,7,Google Sheets,add_row,success,551,,
run_wf_support_router_20260211T215056Z_0062,s1_receive_ticket,1,Zendesk,get_ticket,success,286,,
run_wf_support_router_20260211T215056Z_0062,s2_classify,2,Code,run_python,success,304,,
run_wf_support_router_20260211T215056Z_0062,s3_route_slack,3,Slack,send_message,success,146,,
run_wf_support_router_20260211T215056Z_0062,s4_create_task,4,Asana,create_task,success,98,,
run_wf_support_router_20260211T215056Z_0062,s5_log_sheet,5,Google Sheets,add_row,failed,221,INTERNAL,Transient internal error
run_wf_shopify_orders_20260211T220825Z_0200,s1_get_order,1,Shopify,get_order,success,620,,
run_wf_shopify_orders_20260211T220825Z_0200,s2_validate,2,Code,run_python,success,338,,
run_wf_shopify_orders_20260211T220825Z_0200,s3_create_invoice,3,QuickBooks,create_invoice,success,628,,
run_wf_shopify_orders_20260211T220825Z_0200,s4_update_inventory,4,Shopify,update_product,success,551,,
run_wf_shopify_orders_20260211T220825Z_0200,s5_notify_warehouse,5,Slack,send_message,success,537,,
run_wf_shopify_orders_20260211T220825Z_0200,s6_update_crm,6,Salesforce,update_record,success,85,,
run_wf_shopify_orders_20260211T220825Z_0200,s7_log,7,Google Sheets,add_row,failed,750,INTERNAL,Transient internal error
run_wf_shopify_orders_20260211T221014Z_0092,s1_get_order,1,Shopify,get_order,failed,872,UNKNOWN,Transient unknown error
run_wf_shopify_orders_20260211T221014Z_0092,s2_validate,2,Code,run_python,skipped,0,,
run_wf_shopify_orders_20260211T221014Z_0092,s3_create_invoice,3,QuickBooks,create_invoice,skipped,0,,
run_wf_shopify_orders_20260211T221014Z_0092,s4_update_inventory,4,Shopify,update_product,skipped,0,,
run_wf_shopify_orders_20260211T221014Z_0092,s5_notify_warehouse,5,Slack,send_message,skipped,0,,
run_wf_shopify_orders_20260211T221014Z_0092,s6_update_crm,6,Salesforce,update_record,skipped,0,,
run_wf_shopify_orders_20260211T221014Z_0092,s7_log,7,Google Sheets,add_row,skipped,0,,
run_wf_shopify_orders_20260211T222908Z_0135,s1_get_order,1,Shopify,get_order,success,355,,
run_wf_shopify_orders_20260211T222908Z_0135,s2_validate,2,Code,run_python,success,274,,
run_wf_shopify_orders_20260211T222908Z_0135,s3_create_invoice,3,QuickBooks,create_invoice,success,286,,
run_wf_shopify_orders_20260211T222908Z_0135,s4_update_inventory,4,Shopify,update_product,success,283,,
run_wf_shopify_orders_20260211T222908Z_0135,s5_notify_warehouse,5,Slack,send_message,success,503,,
run_wf_shopify_orders_20260211T222908Z_0135,s6_update_crm,6,Salesforce,update_record,success,148,,
run_wf_shopify_orders_20260211T222908Z_0135,s7_log,7,Google Sheets,add_row,success,634,,
run_wf_shopify_orders_20260211T223453Z_0227,s1_get_order,1,Shopify,get_order,success,1199,,
run_wf_shopify_orders_20260211T223453Z_0227,s2_validate,2,Code,run_python,failed,1245,TIMEOUT,Transient timeout error
run_wf_shopify_orders_20260211T223453Z_0227,s3_create_invoice,3,QuickBooks,create_invoice,skipped,0,,
run_wf_shopify_orders_20260211T223453Z_0227,s4_update_inventory,4,Shopify,update_product,skipped,0,,
run_wf_shopify_orders_20260211T223453Z_0227,s5_notify_warehouse,5,Slack,send_message,skipped,0,,
run_wf_shopify_orders_20260211T223453Z_0227,s6_update_crm,6,Salesforce,update_record,skipped,0,,
run_wf_shopify_orders_20260211T223453Z_0227,s7_log,7,Google Sheets,add_row,skipped,0,,
run_wf_shopify_orders_20260211T232003Z_0005,s1_get_order,1,Shopify,get_order,success,699,,
run_wf_shopify_orders_20260211T232003Z_0005,s2_validate,2,Code,run_python,success,723,,
run_wf_shopify_orders_20260211T232003Z_0005,s3_create_invoice,3,QuickBooks,create_invoice,success,600,,
run_wf_shopify_orders_20260211T232003Z_0005,s4_update_inventory,4,Shopify,update_product,success,397,,
run_wf_shopify_orders_20260211T232003Z_0005,s5_notify_warehouse,5,Slack,send_message,success,359,,
run_wf_shopify_orders_20260211T232003Z_0005,s6_update_crm,6,Salesforce,update_record,success,127,,
run_wf_shopify_orders_20260211T232003Z_0005,s7_log,7,Google Sheets,add_row,success,529,,
run_wf_shopify_orders_20260212T013838Z_0041,s1_get_order,1,Shopify,get_order,success,1448,,
run_wf_shopify_orders_20260212T013838Z_0041,s2_validate,2,Code,run_python,success,367,,
run_wf_shopify_orders_20260212T013838Z_0041,s3_create_invoice,3,QuickBooks,create_invoice,failed,1163,INTERNAL,Transient internal error
run_wf_shopify_orders_20260212T013838Z_0041,s4_update_inventory,4,Shopify,update_product,skipped,0,,
run_wf_shopify_orders_20260212T013838Z_0041,s5_notify_warehouse,5,Slack,send_message,skipped,0,,
run_wf_shopify_orders_20260212T013838Z_0041,s6_update_crm,6,Salesforce,update_record,skipped,0,,
run_wf_shopify_orders_20260212T013838Z_0041,s7_log,7,Google Sheets,add_row,skipped,0,,
run_wf_shopify_orders_20260212T015828Z_0187,s1_get_order,1,Shopify,get_order,success,465,,
run_wf_shopify_orders_20260212T015828Z_0187,s2_validate,2,Code,run_python,success,593,,
run_wf_shopify_orders_20260212T015828Z_0187,s3_create_invoice,3,QuickBooks,create_invoice,success,929,,
run_wf_shopify_orders_20260212T015828Z_0187,s4_update_inventory,4,Shopify,update_product,success,710,,
run_wf_shopify_orders_20260212T015828Z_0187,s5_notify_warehouse,5,Slack,send_message,success,235,,
run_wf_shopify_orders_20260212T015828Z_0187,s6_update_crm,6,Salesforce,update_record,success,229,,
run_wf_shopify_orders_20260212T015828Z_0187,s7_log,7,Google Sheets,add_row,success,667,,
run_wf_support_router_20260212T015840Z_0044,s1_receive_ticket,1,Zendesk,get_ticket,success,108,,
run_wf_support_router_20260212T015840Z_0044,s2_classify,2,Code,run_python,success,94,,
run_wf_support_router_20260212T015840Z_0044,s3_route_slack,3,Slack,send_message,success,140,,
run_wf_support_router_20260212T015840Z_0044,s4_create_task,4,Asana,create_task,success,64,,
run_wf_support_router_20260212T015840Z_0044,s5_log_sheet,5,Google Sheets,add_row,success,541,,
run_wf_lead_sync_20260212T022642Z_0001,s1_get_contact,1,HubSpot,get_contact,success,794,,
run_wf_lead_sync_20260212T022642Z_0001,s2_transform,2,Code,run_python,success,319,,
run_wf_lead_sync_20260212T022642Z_0001,s3_push_to_sf,3,Salesforce,create_lead,success,248,,
run_wf_lead_sync_20260212T022642Z_0001,s4_notify,4,Slack,send_message,success,636,,
run_wf_support_router_20260212T031443Z_0102,s1_receive_ticket,1,Zendesk,get_ticket,success,191,,
run_wf_support_router_20260212T031443Z_0102,s2_classify,2,Code,run_python,success,185,,
run_wf_support_router_20260212T031443Z_0102,s3_route_slack,3,Slack,send_message,success,78,,
run_wf_support_router_20260212T031443Z_0102,s4_create_task,4,Asana,create_task,success,237,,
run_wf_support_router_20260212T031443Z_0102,s5_log_sheet,5,Google Sheets,add_row,success,422,,
run_wf_lead_sync_20260212T040933Z_0037,s1_get_contact,1,HubSpot,get_contact,success,687,,
run_wf_lead_sync_20260212T040933Z_0037,s2_transform,2,Code,run_python,success,202,,
run_wf_lead_sync_20260212T040933Z_0037,s3_push_to_sf,3,Salesforce,create_lead,failed,204,INTERNAL,Transient internal error
run_wf_lead_sync_20260212T040933Z_0037,s4_notify,4,Slack,send_message,skipped,0,,
run_wf_shopify_orders_20260212T061311Z_0179,s1_get_order,1,Shopify,get_order,success,464,,
run_wf_shopify_orders_20260212T061311Z_0179,s2_validate,2,Code,run_python,success,514,,
run_wf_shopify_orders_20260212T061311Z_0179,s3_create_invoice,3,QuickBooks,create_invoice,success,433,,
run_wf_shopify_orders_20260212T061311Z_0179,s4_update_inventory,4,Shopify,update_product,success,169,,
run_wf_shopify_orders_20260212T061311Z_0179,s5_notify_warehouse,5,Slack,send_message,failed,271,BAD_INPUT,Transient bad_input error
run_wf_shopify_orders_20260212T061311Z_0179,s6_update_crm,6,Salesforce,update_record,skipped,0,,
run_wf_shopify_orders_20260212T061311Z_0179,s7_log,7,Google Sheets,add_row,skipped,0,,
run_wf_support_router_20260212T063302Z_0054,s1_receive_ticket,1,Zendesk,get_ticket,failed,239,UNKNOWN,Transient unknown error
run_wf_support_router_20260212T063302Z_0054,s2_classify,2,Code,run_python,skipped,0,,
run_wf_support_router_20260212T063302Z_0054,s3_route_slack,3,Slack,send_message,skipped,0,,
run_wf_support_router_20260212T063302Z_0054,s4_create_task,4,Asana,create_task,skipped,0,,
run_wf_support_router_20260212T063302Z_0054,s5_log_sheet,5,Google Sheets,add_row,skipped,0,,
run_wf_lead_sync_20260212T070832Z_0018,s1_get_contact,1,HubSpot,get_contact,success,474,,
run_wf_lead_sync_20260212T070832Z_0018,s2_transform,2,Code,run_python,success,244,,
run_wf_lead_sync_20260212T070832Z_0018,s3_push_to_sf,3,Salesforce,create_lead,success,123,,
run_wf_lead_sync_20260212T070832Z_0018,s4_notify,4,Slack,send_message,success,383,,
run_wf_shopify_orders_20260212T072006Z_0050,s1_get_order,1,Shopify,get_order,success,208,,
run_wf_shopify_orders_20260212T072006Z_0050,s2_validate,2,Code,run_python,success,279,,
run_wf_shopify_orders_20260212T072006Z_0050,s3_create_invoice,3,QuickBooks,create_invoice,success,157,,
run_wf_shopify_orders_20260212T072006Z_0050,s4_update_inventory,4,Shopify,update_product,success,117,,
run_wf_shopify_orders_20260212T072006Z_0050,s5_notify_warehouse,5,Slack,send_message,success,75,,
run_wf_shopify_orders_20260212T072006Z_0050,s6_update_crm,6,Salesforce,update_record,success,60,,
run_wf_shopify_orders_20260212T072006Z_0050,s7_log,7,Google Sheets,add_row,failed,391,TIMEOUT,Transient timeout error
run_wf_shopify_returns_20260212T082505Z_0010,s1_get_refund,1,Shopify,get_refund,success,640,,
run_wf_shopify_returns_20260212T082505Z_0010,s2_process,2,Code,run_python,success,284,,
run_wf_shopify_returns_20260212T082505Z_0010,s3_update_inventory,3,Shopify,update_product,success,347,,
run_wf_shopify_returns_20260212T082505Z_0010,s4_notify,4,Slack,send_message,success,625,,
run_wf_shopify_orders_20260212T085532Z_0025,s1_get_order,1,Shopify,get_order,success,633,,
run_wf_shopify_orders_20260212T085532Z_0025,s2_validate,2,Code,run_python,success,492,,
run_wf_shopify_orders_20260212T085532Z_0025,s3_create_invoice,3,QuickBooks,create_invoice,success,512,,
run_wf_shopify_orders_20260212T085532Z_0025,s4_update_inventory,4,Shopify,update_product,success,656,,
run_wf_shopify_orders_20260212T085532Z_0025,s5_notify_warehouse,5,Slack,send_message,success,385,,
run_wf_shopify_orders_20260212T085532Z_0025,s6_update_crm,6,Salesforce,update_record,success,255,,
run_wf_shopify_orders_20260212T085532Z_0025,s7_log,7,Google Sheets,add_row,success,387,,
run_wf_shopify_orders_20260212T095952Z_0016,s1_get_order,1,Shopify,get_order,success,1692,,
run_wf_shopify_orders_20260212T095952Z_0016,s2_validate,2,Code,run_python,success,638,,
run_wf_shopify_orders_20260212T095952Z_0016,s3_create_invoice,3,QuickBooks,create_invoice,failed,581,UNKNOWN,Transient unknown error
run_wf_shopify_orders_20260212T095952Z_0016,s4_update_inventory,4,Shopify,update_product,skipped,0,,
run_wf_shopify_orders_20260212T095952Z_0016,s5_notify_warehouse,5,Slack,send_message,skipped,0,,
run_wf_shopify_orders_20260212T095952Z_0016,s6_update_crm,6,Salesforce,update_record,skipped,0,,
run_wf_shopify_orders_20260212T095952Z_0016,s7_log,7,Google Sheets,add_row,skipped,0,,
run_wf_shopify_orders_20260212T100702Z_0144,s1_get_order,1,Shopify,get_order,success,1308,,
run_wf_shopify_orders_20260212T100702Z_0144,s2_validate,2,Code,run_python,success,443,,
run_wf_shopify_orders_20260212T100702Z_0144,s3_create_invoice,3,QuickBooks,create_invoice,success,708,,
run_wf_shopify_orders_20260212T100702Z_0144,s4_update_inventory,4,Shopify,update_product,success,392,,
run_wf_shopify_orders_20260212T100702Z_0144,s5_notify_warehouse,5,Slack,send_message,success,258,,
run_wf_shopify_orders_20260212T100702Z_0144,s6_update_crm,6,Salesforce,update_record,success,137,,
run_wf_shopify_orders_20260212T100702Z_0144,s7_log,7,Google Sheets,add_row,success,276,,
run_wf_lead_sync_20260212T121428Z_0043,s1_get_contact,1,HubSpot,get_contact,success,739,,
run_wf_lead_sync_20260212T121428Z_0043,s2_transform,2,Code,run_python,success,327,,
run_wf_lead_sync_20260212T121428Z_0043,s3_push_to_sf,3,Salesforce,create_lead,success,183,,
run_wf_lead_sync_20260212T121428Z_0043,s4_notify,4,Slack,send_message,success,655,,
run_wf_shopify_orders_20260212T132707Z_0216,s1_get_order,1,Shopify,get_order,success,678,,
run_wf_shopify_orders_20260212T132707Z_0216,s2_validate,2,Code,run_python,success,300,,
run_wf_shopify_orders_20260212T132707Z_0216,s3_create_invoice,3,QuickBooks,create_invoice,success,491,,
run_wf_shopify_orders_20260212T132707Z_0216,s4_update_inventory,4,Shopify,update_product,success,404,,
run_wf_shopify_orders_20260212T132707Z_0216,s5_notify_warehouse,5,Slack,send_message,success,149,,
run_wf_shopify_orders_20260212T132707Z_0216,s6_update_crm,6,Salesforce,update_record,success,319,,
run_wf_shopify_orders_20260212T132707Z_0216,s7_log,7,Google Sheets,add_row,success,793,,
run_wf_shopify_orders_20260212T134458Z_0037,s1_get_order,1,Shopify,get_order,success,417,,
run_wf_shopify_orders_20260212T134458Z_0037,s2_validate,2,Code,run_python,success,509,,
run_wf_shopify_orders_20260212T134458Z_0037,s3_create_invoice,3,QuickBooks,create_invoice,success,916,,
run_wf_shopify_orders_20260212T134458Z_0037,s4_update_inventory,4,Shopify,update_product,success,320,,
run_wf_shopify_orders_20260212T134458Z_0037,s5_notify_warehouse,5,Slack,send_message,success,432,,
run_wf_shopify_orders_20260212T134458Z_0037,s6_update_crm,6,Salesforce,update_record,success,96,,
run_wf_shopify_orders_20260212T134458Z_0037,s7_log,7,Google Sheets,add_row,success,819,,
run_wf_shopify_returns_20260212T164945Z_0005,s1_get_refund,1,Shopify,get_refund,failed,398,INTERNAL,Transient internal error
run_wf_shopify_returns_20260212T164945Z_0005,s2_process,2,Code,run_python,skipped,0,,
run_wf_shopify_returns_20260212T164945Z_0005,s3_update_inventory,3,Shopify,update_product,skipped,0,,
run_wf_shopify_returns_20260212T164945Z_0005,s4_notify,4,Slack,send_message,skipped,0,,
run_wf_shopify_orders_20260212T174702Z_0086,s1_get_order,1,Shopify,get_order,success,855,,
run_wf_shopify_orders_20260212T174702Z_0086,s2_validate,2,Code,run_python,success,957,,
run_wf_shopify_orders_20260212T174702Z_0086,s3_create_invoice,3,QuickBooks,create_invoice,success,532,,
run_wf_shopify_orders_20260212T174702Z_0086,s4_update_inventory,4,Shopify,update_product,success,411,,
run_wf_shopify_orders_20260212T174702Z_0086,s5_notify_warehouse,5,Slack,send_message,success,185,,
run_wf_shopify_orders_20260212T174702Z_0086,s6_update_crm,6,Salesforce,update_record,success,186,,
run_wf_shopify_orders_20260212T174702Z_0086,s7_log,7,Google Sheets,add_row,failed,348,BAD_INPUT,Transient bad_input error
run_wf_shopify_orders_20260212T184537Z_0232,s1_get_order,1,Shopify,get_order,success,591,,
run_wf_shopify_orders_20260212T184537Z_0232,s2_validate,2,Code,run_python,success,787,,
run_wf_shopify_orders_20260212T184537Z_0232,s3_create_invoice,3,QuickBooks,create_invoice,success,466,,
run_wf_shopify_orders_20260212T184537Z_0232,s4_update_inventory,4,Shopify,update_product,success,257,,
run_wf_shopify_orders_20260212T184537Z_0232,s5_notify_warehouse,5,Slack,send_message,success,240,,
run_wf_shopify_orders_20260212T184537Z_0232,s6_update_crm,6,Salesforce,update_record,success,165,,
run_wf_shopify_orders_20260212T184537Z_0232,s7_log,7,Google Sheets,add_row,success,262,,
run_wf_shopify_orders_20260212T190709Z_0079,s1_get_order,1,Shopify,get_order,success,648,,
run_wf_shopify_orders_20260212T190709Z_0079,s2_validate,2,Code,run_python,failed,975,BAD_INPUT,Transient bad_input error
run_wf_shopify_orders_20260212T190709Z_0079,s3_create_invoice,3,QuickBooks,create_invoice,skipped,0,,
run_wf_shopify_orders_20260212T190709Z_0079,s4_update_inventory,4,Shopify,update_product,skipped,0,,
run_wf_shopify_orders_20260212T190709Z_0079,s5_notify_warehouse,5,Slack,send_message,skipped,0,,
run_wf_shopify_orders_20260212T190709Z_0079,s6_update_crm,6,Salesforce,update_record,skipped,0,,
run_wf_shopify_orders_20260212T190709Z_0079,s7_log,7,Google Sheets,add_row,skipped,0,,
run_wf_lead_sync_20260212T193123Z_0024,s1_get_contact,1,HubSpot,get_contact,failed,350,BAD_INPUT,Transient bad_input error
run_wf_lead_sync_20260212T193123Z_0024,s2_transform,2,Code,run_python,skipped,0,,
run_wf_lead_sync_20260212T193123Z_0024,s3_push_to_sf,3,Salesforce,create_lead,skipped,0,,
run_wf_lead_sync_20260212T193123Z_0024,s4_notify,4,Slack,send_message,skipped,0,,
run_wf_shopify_orders_20260212T194421Z_0069,s1_get_order,1,Shopify,get_order,success,815,,
run_wf_shopify_orders_20260212T194421Z_0069,s2_validate,2,Code,run_python,success,454,,
run_wf_shopify_orders_20260212T194421Z_0069,s3_create_invoice,3,QuickBooks,create_invoice,success,630,,
run_wf_shopify_orders_20260212T194421Z_0069,s4_update_inventory,4,Shopify,update_product,success,319,,
run_wf_shopify_orders_20260212T194421Z_0069,s5_notify_warehouse,5,Slack,send_message,success,81,,
run_wf_shopify_orders_20260212T194421Z_0069,s6_update_crm,6,Salesforce,update_record,success,89,,
run_wf_shopify_orders_20260212T194421Z_0069,s7_log,7,Google Sheets,add_row,success,581,,
run_wf_shopify_returns_20260212T200411Z_0009,s1_get_refund,1,Shopify,get_refund,success,562,,
run_wf_shopify_returns_20260212T200411Z_0009,s2_process,2,Code,run_python,success,150,,
run_wf_shopify_returns_20260212T200411Z_0009,s3_update_inventory,3,Shopify,update_product,success,330,,
run_wf_shopify_returns_20260212T200411Z_0009,s4_notify,4,Slack,send_message,success,776,,
run_wf_support_router_20260212T202324Z_0010,s1_receive_ticket,1,Zendesk,get_ticket,success,496,,
run_wf_support_router_20260212T202324Z_0010,s2_classify,2,Code,run_python,success,249,,
run_wf_support_router_20260212T202324Z_0010,s3_route_slack,3,Slack,send_message,success,171,,
run_wf_support_router_20260212T202324Z_0010,s4_create_task,4,Asana,create_task,success,152,,
run_wf_support_router_20260212T202324Z_0010,s5_log_sheet,5,Google Sheets,add_row,success,229,,
run_wf_shopify_orders_20260212T204750Z_0251,s1_get_order,1,Shopify,get_order,success,1479,,
run_wf_shopify_orders_20260212T204750Z_0251,s2_validate,2,Code,run_python,success,985,,
run_wf_shopify_orders_20260212T204750Z_0251,s3_create_invoice,3,QuickBooks,create_invoice,success,224,,
run_wf_shopify_orders_20260212T204750Z_0251,s4_update_inventory,4,Shopify,update_product,success,550,,
run_wf_shopify_orders_20260212T204750Z_0251,s5_notify_warehouse,5,Slack,send_message,success,179,,
run_wf_shopify_orders_20260212T204750Z_0251,s6_update_crm,6,Salesforce,update_record,success,118,,
run_wf_shopify_orders_20260212T204750Z_0251,s7_log,7,Google Sheets,add_row,success,663,,
run_wf_shopify_orders_20260212T212605Z_0021,s1_get_order,1,Shopify,get_order,success,694,,
run_wf_shopify_orders_20260212T212605Z_0021,s2_validate,2,Code,run_python,failed,355,TIMEOUT,Transient timeout error
run_wf_shopify_orders_20260212T212605Z_0021,s3_create_invoice,3,QuickBooks,create_invoice,skipped,0,,
run_wf_shopify_orders_20260212T212605Z_0021,s4_update_inventory,4,Shopify,update_product,skipped,0,,
run_wf_shopify_orders_20260212T212605Z_0021,s5_notify_warehouse,5,Slack,send_message,skipped,0,,
run_wf_shopify_orders_20260212T212605Z_0021,s6_update_crm,6,Salesforce,update_record,skipped,0,,
run_wf_shopify_orders_20260212T212605Z_0021,s7_log,7,Google Sheets,add_row,skipped,0,,
run_wf_shopify_returns_20260212T214757Z_0034,s1_get_refund,1,Shopify,get_refund,success,1035,,
run_wf_shopify_returns_20260212T214757Z_0034,s2_process,2,Code,run_python,success,793,,
run_wf_shopify_returns_20260212T214757Z_0034,s3_update_inventory,3,Shopify,update_product,success,253,,
run_wf_shopify_returns_20260212T214757Z_0034,s4_notify,4,Slack,send_message,success,1003,,
run_wf_shopify_orders_20260212T221202Z_0129,s1_get_order,1,Shopify,get_order,success,1434,,
run_wf_shopify_orders_20260212T221202Z_0129,s2_validate,2,Code,run_python,failed,775,TIMEOUT,Transient timeout error
run_wf_shopify_orders_20260212T221202Z_0129,s3_create_invoice,3,QuickBooks,create_invoice,skipped,0,,
run_wf_shopify_orders_20260212T221202Z_0129,s4_update_inventory,4,Shopify,update_product,skipped,0,,
run_wf_shopify_orders_20260212T221202Z_0129,s5_notify_warehouse,5,Slack,send_message,skipped,0,,
run_wf_shopify_orders_20260212T221202Z_0129,s6_update_crm,6,Salesforce,update_record,skipped,0,,
run_wf_shopify_orders_20260212T221202Z_0129,s7_log,7,Google Sheets,add_row,skipped,0,,
run_wf_shopify_orders_20260213T001049Z_0109,s1_get_order,1,Shopify,get_order,success,229,,
run_wf_shopify_orders_20260213T001049Z_0109,s2_validate,2,Code,run_python,success,410,,
run_wf_shopify_orders_20260213T001049Z_0109,s3_create_invoice,3,QuickBooks,create_invoice,success,413,,
run_wf_shopify_orders_20260213T001049Z_0109,s4_update_inventory,4,Shopify,update_product,success,163,,
run_wf_shopify_orders_20260213T001049Z_0109,s5_notify_warehouse,5,Slack,send_message,success,244,,
run_wf_shopify_orders_20260213T001049Z_0109,s6_update_crm,6,Salesforce,update_record,success,50,,
run_wf_shopify_orders_20260213T001049Z_0109,s7_log,7,Google Sheets,add_row,success,362,,
run_wf_shopify_orders_20260213T001650Z_0049,s1_get_order,1,Shopify,get_order,success,558,,
run_wf_shopify_orders_20260213T001650Z_0049,s2_validate,2,Code,run_python,success,471,,
run_wf_shopify_orders_20260213T001650Z_0049,s3_create_invoice,3,QuickBooks,create_invoice,success,760,,
run_wf_shopify_orders_20260213T001650Z_0049,s4_update_inventory,4,Shopify,update_product,success,480,,
run_wf_shopify_orders_20260213T001650Z_0049,s5_notify_warehouse,5,Slack,send_message,success,149,,
run_wf_shopify_orders_20260213T001650Z_0049,s6_update_crm,6,Salesforce,update_record,success,93,,
run_wf_shopify_orders_20260213T001650Z_0049,s7_log,7,Google Sheets,add_row,success,570,,
run_wf_support_router_20260213T003757Z_0113,s1_receive_ticket,1,Zendesk,get_ticket,success,383,,
run_wf_support_router_20260213T003757Z_0113,s2_classify,2,Code,run_python,success,335,,
run_wf_support_router_20260213T003757Z_0113,s3_route_slack,3,Slack,send_message,success,264,,
run_wf_support_router_20260213T003757Z_0113,s4_create_task,4,Asana,create_task,success,57,,
run_wf_support_router_20260213T003757Z_0113,s5_log_sheet,5,Google Sheets,add_row,success,426,,
run_wf_shopify_orders_20260213T010947Z_0054,s1_get_order,1,Shopify,get_order,success,1350,,
run_wf_shopify_orders_20260213T010947Z_0054,s2_validate,2,Code,run_python,success,230,,
run_wf_shopify_orders_20260213T010947Z_0054,s3_create_invoice,3,QuickBooks,create_invoice,success,258,,
run_wf_shopify_orders_20260213T010947Z_0054,s4_update_inventory,4,Shopify,update_product,failed,184,INTERNAL,Transient internal error
run_wf_shopify_orders_20260213T010947Z_0054,s5_notify_warehouse,5,Slack,send_message,skipped,0,,
run_wf_shopify_orders_20260213T010947Z_0054,s6_update_crm,6,Salesforce,update_record,skipped,0,,
run_wf_shopify_orders_20260213T010947Z_0054,s7_log,7,Google Sheets,add_row,skipped,0,,
run_wf_lead_sync_20260213T011848Z_0080,s1_get_contact,1,HubSpot,get_contact,success,933,,
run_wf_lead_sync_20260213T011848Z_0080,s2_transform,2,Code,run_python,success,430,,
run_wf_lead_sync_20260213T011848Z_0080,s3_push_to_sf,3,Salesforce,create_lead,success,125,,
run_wf_lead_sync_20260213T011848Z_0080,s4_notify,4,Slack,send_message,success,890,,
run_wf_shopify_orders_20260213T012116Z_0205,s1_get_order,1,Shopify,get_order,success,1025,,
run_wf_shopify_orders_20260213T012116Z_0205,s2_validate,2,Code,run_python,success,1079,,
run_wf_shopify_orders_20260213T012116Z_0205,s3_create_invoice,3,QuickBooks,create_invoice,success,304,,
run_wf_shopify_orders_20260213T012116Z_0205,s4_update_inventory,4,Shopify,update_product,success,318,,
run_wf_shopify_orders_20260213T012116Z_0205,s5_notify_warehouse,5,Slack,send_message,success,293,,
run_wf_shopify_orders_20260213T012116Z_0205,s6_update_crm,6,Salesforce,update_record,success,277,,
run_wf_shopify_orders_20260213T012116Z_0205,s7_log,7,Google Sheets,add_row,success,643,,
run_wf_shopify_orders_20260213T014458Z_0236,s1_get_order,1,Shopify,get_order,success,1188,,
run_wf_shopify_orders_20260213T014458Z_0236,s2_validate,2,Code,run_python,success,532,,
run_wf_shopify_orders_20260213T014458Z_0236,s3_create_invoice,3,QuickBooks,create_invoice,success,221,,
run_wf_shopify_orders_20260213T014458Z_0236,s4_update_inventory,4,Shopify,update_product,success,546,,
run_wf_shopify_orders_20260213T014458Z_0236,s5_notify_warehouse,5,Slack,send_message,success,241,,
run_wf_shopify_orders_20260213T014458Z_0236,s6_update_crm,6,Salesforce,update_record,success,254,,
run_wf_shopify_orders_20260213T014458Z_0236,s7_log,7,Google Sheets,add_row,success,524,,
run_wf_shopify_returns_20260213T015944Z_0008,s1_get_refund,1,Shopify,get_refund,success,491,,
run_wf_shopify_returns_20260213T015944Z_0008,s2_process,2,Code,run_python,success,388,,
run_wf_shopify_returns_20260213T015944Z_0008,s3_update_inventory,3,Shopify,update_product,success,213,,
run_wf_shopify_returns_20260213T015944Z_0008,s4_notify,4,Slack,send_message,success,1004,,
run_wf_shopify_orders_20260213T024357Z_0030,s1_get_order,1,Shopify,get_order,success,929,,
run_wf_shopify_orders_20260213T024357Z_0030,s2_validate,2,Code,run_python,success,435,,
run_wf_shopify_orders_20260213T024357Z_0030,s3_create_invoice,3,QuickBooks,create_invoice,success,587,,
run_wf_shopify_orders_20260213T024357Z_0030,s4_update_inventory,4,Shopify,update_product,failed,208,INTERNAL,Transient internal error
run_wf_shopify_orders_20260213T024357Z_0030,s5_notify_warehouse,5,Slack,send_message,skipped,0,,
run_wf_shopify_orders_20260213T024357Z_0030,s6_update_crm,6,Salesforce,update_record,skipped,0,,
run_wf_shopify_orders_20260213T024357Z_0030,s7_log,7,Google Sheets,add_row,skipped,0,,
run_wf_shopify_orders_20260213T032340Z_0085,s1_get_order,1,Shopify,get_order,success,1153,,
run_wf_shopify_orders_20260213T032340Z_0085,s2_validate,2,Code,run_python,success,1027,,
run_wf_shopify_orders_20260213T032340Z_0085,s3_create_invoice,3,QuickBooks,create_invoice,success,675,,
run_wf_shopify_orders_20260213T032340Z_0085,s4_update_inventory,4,Shopify,update_product,success,397,,
run_wf_shopify_orders_20260213T032340Z_0085,s5_notify_warehouse,5,Slack,send_message,success,259,,
run_wf_shopify_orders_20260213T032340Z_0085,s6_update_crm,6,Salesforce,update_record,success,212,,
run_wf_shopify_orders_20260213T032340Z_0085,s7_log,7,Google Sheets,add_row,success,429,,
run_wf_shopify_orders_20260213T040050Z_0166,s1_get_order,1,Shopify,get_order,success,801,,
run_wf_shopify_orders_20260213T040050Z_0166,s2_validate,2,Code,run_python,success,244,,
run_wf_shopify_orders_20260213T040050Z_0166,s3_create_invoice,3,QuickBooks,create_invoice,success,403,,
run_wf_shopify_orders_20260213T040050Z_0166,s4_update_inventory,4,Shopify,update_product,success,535,,
run_wf_shopify_orders_20260213T040050Z_0166,s5_notify_warehouse,5,Slack,send_message,success,112,,
run_wf_shopify_orders_20260213T040050Z_0166,s6_update_crm,6,Salesforce,update_record,success,108,,
run_wf_shopify_orders_20260213T040050Z_0166,s7_log,7,Google Sheets,add_row,success,788,,
run_wf_shopify_orders_20260213T053103Z_0180,s1_get_order,1,Shopify,get_order,success,541,,
run_wf_shopify_orders_20260213T053103Z_0180,s2_validate,2,Code,run_python,success,1081,,
run_wf_shopify_orders_20260213T053103Z_0180,s3_create_invoice,3,QuickBooks,create_invoice,success,396,,
run_wf_shopify_orders_20260213T053103Z_0180,s4_update_inventory,4,Shopify,update_product,success,516,,
run_wf_shopify_orders_20260213T053103Z_0180,s5_notify_warehouse,5,Slack,send_message,success,396,,
run_wf_shopify_orders_20260213T053103Z_0180,s6_update_crm,6,Salesforce,update_record,failed,224,BAD_INPUT,Transient bad_input error
run_wf_shopify_orders_20260213T053103Z_0180,s7_log,7,Google Sheets,add_row,skipped,0,,
run_wf_shopify_orders_20260213T063358Z_0090,s1_get_order,1,Shopify,get_order,success,882,,
run_wf_shopify_orders_20260213T063358Z_0090,s2_validate,2,Code,run_python,success,834,,
run_wf_shopify_orders_20260213T063358Z_0090,s3_create_invoice,3,QuickBooks,create_invoice,success,598,,
run_wf_shopify_orders_20260213T063358Z_0090,s4_update_inventory,4,Shopify,update_product,success,697,,
run_wf_shopify_orders_20260213T063358Z_0090,s5_notify_warehouse,5,Slack,send_message,success,412,,
run_wf_shopify_orders_20260213T063358Z_0090,s6_update_crm,6,Salesforce,update_record,success,111,,
run_wf_shopify_orders_20260213T063358Z_0090,s7_log,7,Google Sheets,add_row,success,534,,
run_wf_shopify_orders_20260213T071327Z_0235,s1_get_order,1,Shopify,get_order,failed,1583,TIMEOUT,Transient timeout error
run_wf_shopify_orders_20260213T071327Z_0235,s2_validate,2,Code,run_python,skipped,0,,
run_wf_shopify_orders_20260213T071327Z_0235,s3_create_invoice,3,QuickBooks,create_invoice,skipped,0,,
run_wf_shopify_orders_20260213T071327Z_0235,s4_update_inventory,4,Shopify,update_product,skipped,0,,
run_wf_shopify_orders_20260213T071327Z_0235,s5_notify_warehouse,5,Slack,send_message,skipped,0,,
run_wf_shopify_orders_20260213T071327Z_0235,s6_update_crm,6,Salesforce,update_record,skipped,0,,
run_wf_shopify_orders_20260213T071327Z_0235,s7_log,7,Google Sheets,add_row,skipped,0,,
run_wf_support_router_20260213T075249Z_0024,s1_receive_ticket,1,Zendesk,get_ticket,success,201,,
run_wf_support_router_20260213T075249Z_0024,s2_classify,2,Code,run_python,success,159,,
run_wf_support_router_20260213T075249Z_0024,s3_route_slack,3,Slack,send_message,success,50,,
run_wf_support_router_20260213T075249Z_0024,s4_create_task,4,Asana,create_task,success,143,,
run_wf_support_router_20260213T075249Z_0024,s5_log_sheet,5,Google Sheets,add_row,success,263,,
run_wf_shopify_orders_20260213T075957Z_0178,s1_get_order,1,Shopify,get_order,success,1051,,
run_wf_shopify_orders_20260213T075957Z_0178,s2_validate,2,Code,run_python,success,193,,
run_wf_shopify_orders_20260213T075957Z_0178,s3_create_invoice,3,QuickBooks,create_invoice,success,564,,
run_wf_shopify_orders_20260213T075957Z_0178,s4_update_inventory,4,Shopify,update_product,success,316,,
run_wf_shopify_orders_20260213T075957Z_0178,s5_notify_warehouse,5,Slack,send_message,success,228,,
run_wf_shopify_orders_20260213T075957Z_0178,s6_update_crm,6,Salesforce,update_record,success,52,,
run_wf_shopify_orders_20260213T075957Z_0178,s7_log,7,Google Sheets,add_row,success,339,,
run_wf_support_router_20260213T083401Z_0012,s1_receive_ticket,1,Zendesk,get_ticket,success,351,,
run_wf_support_router_20260213T083401Z_0012,s2_classify,2,Code,run_python,success,307,,
run_wf_support_router_20260213T083401Z_0012,s3_route_slack,3,Slack,send_message,success,100,,
run_wf_support_router_20260213T083401Z_0012,s4_create_task,4,Asana,create_task,success,75,,
run_wf_support_router_20260213T083401Z_0012,s5_log_sheet,5,Google Sheets,add_row,success,309,,
run_wf_shopify_orders_20260213T092822Z_0156,s1_get_order,1,Shopify,get_order,success,1484,,
run_wf_shopify_orders_20260213T092822Z_0156,s2_validate,2,Code,run_python,success,1070,,
run_wf_shopify_orders_20260213T092822Z_0156,s3_create_invoice,3,QuickBooks,create_invoice,success,263,,
run_wf_shopify_orders_20260213T092822Z_0156,s4_update_inventory,4,Shopify,update_product,success,187,,
run_wf_shopify_orders_20260213T092822Z_0156,s5_notify_warehouse,5,Slack,send_message,success,492,,
run_wf_shopify_orders_20260213T092822Z_0156,s6_update_crm,6,Salesforce,update_record,success,374,,
run_wf_shopify_orders_20260213T092822Z_0156,s7_log,7,Google Sheets,add_row,success,704,,
run_wf_lead_sync_20260213T093439Z_0046,s1_get_contact,1,HubSpot,get_contact,success,398,,
run_wf_lead_sync_20260213T093439Z_0046,s2_transform,2,Code,run_python,success,702,,
run_wf_lead_sync_20260213T093439Z_0046,s3_push_to_sf,3,Salesforce,create_lead,success,130,,
run_wf_lead_sync_20260213T093439Z_0046,s4_notify,4,Slack,send_message,success,955,,
run_wf_shopify_orders_20260213T102012Z_0052,s1_get_order,1,Shopify,get_order,success,704,,
run_wf_shopify_orders_20260213T102012Z_0052,s2_validate,2,Code,run_python,success,993,,
run_wf_shopify_orders_20260213T102012Z_0052,s3_create_invoice,3,QuickBooks,create_invoice,success,389,,
run_wf_shopify_orders_20260213T102012Z_0052,s4_update_inventory,4,Shopify,update_product,success,483,,
run_wf_shopify_orders_20260213T102012Z_0052,s5_notify_warehouse,5,Slack,send_message,success,642,,
run_wf_shopify_orders_20260213T102012Z_0052,s6_update_crm,6,Salesforce,update_record,success,327,,
run_wf_shopify_orders_20260213T102012Z_0052,s7_log,7,Google Sheets,add_row,failed,841,INTERNAL,Transient internal error
run_wf_shopify_orders_20260213T103557Z_0100,s1_get_order,1,Shopify,get_order,success,482,,
run_wf_shopify_orders_20260213T103557Z_0100,s2_validate,2,Code,run_python,success,648,,
run_wf_shopify_orders_20260213T103557Z_0100,s3_create_invoice,3,QuickBooks,create_invoice,success,947,,
run_wf_shopify_orders_20260213T103557Z_0100,s4_update_inventory,4,Shopify,update_product,success,247,,
run_wf_shopify_orders_20260213T103557Z_0100,s5_notify_warehouse,5,Slack,send_message,success,379,,
run_wf_shopify_orders_20260213T103557Z_0100,s6_update_crm,6,Salesforce,update_record,success,334,,
run_wf_shopify_orders_20260213T103557Z_0100,s7_log,7,Google Sheets,add_row,success,847,,
run_wf_shopify_orders_20260213T120507Z_0076,s1_get_order,1,Shopify,get_order,success,752,,
run_wf_shopify_orders_20260213T120507Z_0076,s2_validate,2,Code,run_python,success,413,,
run_wf_shopify_orders_20260213T120507Z_0076,s3_create_invoice,3,QuickBooks,create_invoice,success,224,,
run_wf_shopify_orders_20260213T120507Z_0076,s4_update_inventory,4,Shopify,update_product,success,276,,
run_wf_shopify_orders_20260213T120507Z_0076,s5_notify_warehouse,5,Slack,send_message,success,371,,
run_wf_shopify_orders_20260213T120507Z_0076,s6_update_crm,6,Salesforce,update_record,success,277,,
run_wf_shopify_orders_20260213T120507Z_0076,s7_log,7,Google Sheets,add_row,success,548,,
run_wf_support_router_20260213T121952Z_0073,s1_receive_ticket,1,Zendesk,get_ticket,success,121,,
run_wf_support_router_20260213T121952Z_0073,s2_classify,2,Code,run_python,success,245,,
run_wf_support_router_20260213T121952Z_0073,s3_route_slack,3,Slack,send_message,success,79,,
run_wf_support_router_20260213T121952Z_0073,s4_create_task,4,Asana,create_task,success,63,,
run_wf_support_router_20260213T121952Z_0073,s5_log_sheet,5,Google Sheets,add_row,success,319,,
run_wf_lead_sync_20260213T125242Z_0047,s1_get_contact,1,HubSpot,get_contact,success,214,,
run_wf_lead_sync_20260213T125242Z_0047,s2_transform,2,Code,run_python,success,632,,
run_wf_lead_sync_20260213T125242Z_0047,s3_push_to_sf,3,Salesforce,create_lead,success,219,,
run_wf_lead_sync_20260213T125242Z_0047,s4_notify,4,Slack,send_message,success,1047,,
run_wf_lead_sync_20260213T131126Z_0012,s1_get_contact,1,HubSpot,get_contact,success,421,,
run_wf_lead_sync_20260213T131126Z_0012,s2_transform,2,Code,run_python,success,184,,
run_wf_lead_sync_20260213T131126Z_0012,s3_push_to_sf,3,Salesforce,create_lead,success,122,,
run_wf_lead_sync_20260213T131126Z_0012,s4_notify,4,Slack,send_message,success,961,,
run_wf_shopify_orders_20260213T132455Z_0119,s1_get_order,1,Shopify,get_order,success,470,,
run_wf_shopify_orders_20260213T132455Z_0119,s2_validate,2,Code,run_python,failed,616,TIMEOUT,Transient timeout error
run_wf_shopify_orders_20260213T132455Z_0119,s3_create_invoice,3,QuickBooks,create_invoice,skipped,0,,
run_wf_shopify_orders_20260213T132455Z_0119,s4_update_inventory,4,Shopify,update_product,skipped,0,,
run_wf_shopify_orders_20260213T132455Z_0119,s5_notify_warehouse,5,Slack,send_message,skipped,0,,
run_wf_shopify_orders_20260213T132455Z_0119,s6_update_crm,6,Salesforce,update_record,skipped,0,,
run_wf_shopify_orders_20260213T132455Z_0119,s7_log,7,Google Sheets,add_row,skipped,0,,
run_wf_shopify_returns_20260213T134257Z_0032,s1_get_refund,1,Shopify,get_refund,success,707,,
run_wf_shopify_returns_20260213T134257Z_0032,s2_process,2,Code,run_python,success,715,,
run_wf_shopify_returns_20260213T134257Z_0032,s3_update_inventory,3,Shopify,update_product,success,284,,
run_wf_shopify_returns_20260213T134257Z_0032,s4_notify,4,Slack,send_message,success,799,,
run_wf_shopify_returns_20260213T143439Z_0006,s1_get_refund,1,Shopify,get_refund,success,476,,
run_wf_shopify_returns_20260213T143439Z_0006,s2_process,2,Code,run_python,success,354,,
run_wf_shopify_returns_20260213T143439Z_0006,s3_update_inventory,3,Shopify,update_product,success,215,,
run_wf_shopify_returns_20260213T143439Z_0006,s4_notify,4,Slack,send_message,success,389,,
run_wf_shopify_orders_20260213T144837Z_0131,s1_get_order,1,Shopify,get_order,success,904,,
run_wf_shopify_orders_20260213T144837Z_0131,s2_validate,2,Code,run_python,success,289,,
run_wf_shopify_orders_20260213T144837Z_0131,s3_create_invoice,3,QuickBooks,create_invoice,success,250,,
run_wf_shopify_orders_20260213T144837Z_0131,s4_update_inventory,4,Shopify,update_product,success,422,,
run_wf_shopify_orders_20260213T144837Z_0131,s5_notify_warehouse,5,Slack,send_message,success,208,,
run_wf_shopify_orders_20260213T144837Z_0131,s6_update_crm,6,Salesforce,update_record,success,193,,
run_wf_shopify_orders_20260213T144837Z_0131,s7_log,7,Google Sheets,add_row,success,578,,
run_wf_shopify_orders_20260213T144839Z_0159,s1_get_order,1,Shopify,get_order,success,809,,
run_wf_shopify_orders_20260213T144839Z_0159,s2_validate,2,Code,run_python,success,277,,
run_wf_shopify_orders_20260213T144839Z_0159,s3_create_invoice,3,QuickBooks,create_invoice,success,465,,
run_wf_shopify_orders_20260213T144839Z_0159,s4_update_inventory,4,Shopify,update_product,success,213,,
run_wf_shopify_orders_20260213T144839Z_0159,s5_notify_warehouse,5,Slack,send_message,success,377,,
run_wf_shopify_orders_20260213T144839Z_0159,s6_update_crm,6,Salesforce,update_record,success,121,,
run_wf_shopify_orders_20260213T144839Z_0159,s7_log,7,Google Sheets,add_row,success,808,,
run_wf_lead_sync_20260213T150724Z_0086,s1_get_contact,1,HubSpot,get_contact,success,314,,
run_wf_lead_sync_20260213T150724Z_0086,s2_transform,2,Code,run_python,success,382,,
run_wf_lead_sync_20260213T150724Z_0086,s3_push_to_sf,3,Salesforce,create_lead,success,523,,
run_wf_lead_sync_20260213T150724Z_0086,s4_notify,4,Slack,send_message,success,1434,,
run_wf_shopify_orders_20260213T151056Z_0003,s1_get_order,1,Shopify,get_order,success,1091,,
run_wf_shopify_orders_20260213T151056Z_0003,s2_validate,2,Code,run_python,success,1081,,
run_wf_shopify_orders_20260213T151056Z_0003,s3_create_invoice,3,QuickBooks,create_invoice,success,717,,
run_wf_shopify_orders_20260213T151056Z_0003,s4_update_inventory,4,Shopify,update_product,success,221,,
run_wf_shopify_orders_20260213T151056Z_0003,s5_notify_warehouse,5,Slack,send_message,success,382,,
run_wf_shopify_orders_20260213T151056Z_0003,s6_update_crm,6,Salesforce,update_record,success,254,,
run_wf_shopify_orders_20260213T151056Z_0003,s7_log,7,Google Sheets,add_row,success,390,,
run_wf_shopify_orders_20260213T151938Z_0044,s1_get_order,1,Shopify,get_order,success,1225,,
run_wf_shopify_orders_20260213T151938Z_0044,s2_validate,2,Code,run_python,success,888,,
run_wf_shopify_orders_20260213T151938Z_0044,s3_create_invoice,3,QuickBooks,create_invoice,success,527,,
run_wf_shopify_orders_20260213T151938Z_0044,s4_update_inventory,4,Shopify,update_product,success,234,,
run_wf_shopify_orders_20260213T151938Z_0044,s5_notify_warehouse,5,Slack,send_message,success,105,,
run_wf_shopify_orders_20260213T151938Z_0044,s6_update_crm,6,Salesforce,update_record,success,126,,
run_wf_shopify_orders_20260213T151938Z_0044,s7_log,7,Google Sheets,add_row,success,436,,
run_wf_lead_sync_20260213T161651Z_0063,s1_get_contact,1,HubSpot,get_contact,success,450,,
run_wf_lead_sync_20260213T161651Z_0063,s2_transform,2,Code,run_python,success,360,,
run_wf_lead_sync_20260213T161651Z_0063,s3_push_to_sf,3,Salesforce,create_lead,success,350,,
run_wf_lead_sync_20260213T161651Z_0063,s4_notify,4,Slack,send_message,success,643,,
run_wf_shopify_orders_20260213T180958Z_0127,s1_get_order,1,Shopify,get_order,success,547,,
run_wf_shopify_orders_20260213T180958Z_0127,s2_validate,2,Code,run_python,success,239,,
run_wf_shopify_orders_20260213T180958Z_0127,s3_create_invoice,3,QuickBooks,create_invoice,success,767,,
run_wf_shopify_orders_20260213T180958Z_0127,s4_update_inventory,4,Shopify,update_product,success,330,,
run_wf_shopify_orders_20260213T180958Z_0127,s5_notify_warehouse,5,Slack,send_message,success,301,,
run_wf_shopify_orders_20260213T180958Z_0127,s6_update_crm,6,Salesforce,update_record,success,144,,
run_wf_shopify_orders_20260213T180958Z_0127,s7_log,7,Google Sheets,add_row,success,514,,
run_wf_lead_sync_20260213T193723Z_0005,s1_get_contact,1,HubSpot,get_contact,success,279,,
run_wf_lead_sync_20260213T193723Z_0005,s2_transform,2,Code,run_python,success,385,,
run_wf_lead_sync_20260213T193723Z_0005,s3_push_to_sf,3,Salesforce,create_lead,success,101,,
run_wf_lead_sync_20260213T193723Z_0005,s4_notify,4,Slack,send_message,success,675,,
run_wf_shopify_orders_20260213T211237Z_0241,s1_get_order,1,Shopify,get_order,success,718,,
run_wf_shopify_orders_20260213T211237Z_0241,s2_validate,2,Code,run_python,success,295,,
run_wf_shopify_orders_20260213T211237Z_0241,s3_create_invoice,3,QuickBooks,create_invoice,success,278,,
run_wf_shopify_orders_20260213T211237Z_0241,s4_update_inventory,4,Shopify,update_product,success,686,,
run_wf_shopify_orders_20260213T211237Z_0241,s5_notify_warehouse,5,Slack,send_message,success,289,,
run_wf_shopify_orders_20260213T211237Z_0241,s6_update_crm,6,Salesforce,update_record,success,186,,
run_wf_shopify_orders_20260213T211237Z_0241,s7_log,7,Google Sheets,add_row,success,819,,
run_wf_support_router_20260213T213612Z_0058,s1_receive_ticket,1,Zendesk,get_ticket,success,293,,
run_wf_support_router_20260213T213612Z_0058,s2_classify,2,Code,run_python,success,173,,
run_wf_support_router_20260213T213612Z_0058,s3_route_slack,3,Slack,send_message,success,120,,
run_wf_support_router_20260213T213612Z_0058,s4_create_task,4,Asana,create_task,success,139,,
run_wf_support_router_20260213T213612Z_0058,s5_log_sheet,5,Google Sheets,add_row,success,326,,
run_wf_shopify_orders_20260213T215953Z_0115,s1_get_order,1,Shopify,get_order,success,811,,
run_wf_shopify_orders_20260213T215953Z_0115,s2_validate,2,Code,run_python,success,623,,
run_wf_shopify_orders_20260213T215953Z_0115,s3_create_invoice,3,QuickBooks,create_invoice,success,329,,
run_wf_shopify_orders_20260213T215953Z_0115,s4_update_inventory,4,Shopify,update_product,success,115,,
run_wf_shopify_orders_20260213T215953Z_0115,s5_notify_warehouse,5,Slack,send_message,success,232,,
run_wf_shopify_orders_20260213T215953Z_0115,s6_update_crm,6,Salesforce,update_record,failed,164,TIMEOUT,Transient timeout error
run_wf_shopify_orders_20260213T215953Z_0115,s7_log,7,Google Sheets,add_row,skipped,0,,
run_wf_lead_sync_20260213T224741Z_0052,s1_get_contact,1,HubSpot,get_contact,success,934,,
run_wf_lead_sync_20260213T224741Z_0052,s2_transform,2,Code,run_python,failed,184,UNKNOWN,Transient unknown error
run_wf_lead_sync_20260213T224741Z_0052,s3_push_to_sf,3,Salesforce,create_lead,skipped,0,,
run_wf_lead_sync_20260213T224741Z_0052,s4_notify,4,Slack,send_message,skipped,0,,
run_wf_shopify_orders_20260214T002033Z_0221,s1_get_order,1,Shopify,get_order,success,812,,
run_wf_shopify_orders_20260214T002033Z_0221,s2_validate,2,Code,run_python,success,746,,
run_wf_shopify_orders_20260214T002033Z_0221,s3_create_invoice,3,QuickBooks,create_invoice,success,602,,
run_wf_shopify_orders_20260214T002033Z_0221,s4_update_inventory,4,Shopify,update_product,success,166,,
run_wf_shopify_orders_20260214T002033Z_0221,s5_notify_warehouse,5,Slack,send_message,success,313,,
run_wf_shopify_orders_20260214T002033Z_0221,s6_update_crm,6,Salesforce,update_record,success,214,,
run_wf_shopify_orders_20260214T002033Z_0221,s7_log,7,Google Sheets,add_row,success,364,,
run_wf_invoice_sync_20260214T011104Z_0019,s1_get_invoice,1,Stripe,get_invoice,failed,722,TIMEOUT,Transient timeout error
run_wf_invoice_sync_20260214T011104Z_0019,s2_create_entry,2,QuickBooks,create_invoice,skipped,0,,
run_wf_invoice_sync_20260214T011104Z_0019,s3_notify,3,Slack,send_message,skipped,0,,
run_wf_shopify_orders_20260214T013513Z_0055,s1_get_order,1,Shopify,get_order,success,1185,,
run_wf_shopify_orders_20260214T013513Z_0055,s2_validate,2,Code,run_python,success,296,,
run_wf_shopify_orders_20260214T013513Z_0055,s3_create_invoice,3,QuickBooks,create_invoice,failed,749,INTERNAL,Transient internal error
run_wf_shopify_orders_20260214T013513Z_0055,s4_update_inventory,4,Shopify,update_product,skipped,0,,
run_wf_shopify_orders_20260214T013513Z_0055,s5_notify_warehouse,5,Slack,send_message,skipped,0,,
run_wf_shopify_orders_20260214T013513Z_0055,s6_update_crm,6,Salesforce,update_record,skipped,0,,
run_wf_shopify_orders_20260214T013513Z_0055,s7_log,7,Google Sheets,add_row,skipped,0,,
run_wf_support_router_20260214T013925Z_0124,s1_receive_ticket,1,Zendesk,get_ticket,success,376,,
run_wf_support_router_20260214T013925Z_0124,s2_classify,2,Code,run_python,success,82,,
run_wf_support_router_20260214T013925Z_0124,s3_route_slack,3,Slack,send_message,failed,197,UNKNOWN,Transient unknown error
run_wf_support_router_20260214T013925Z_0124,s4_create_task,4,Asana,create_task,skipped,0,,
run_wf_support_router_20260214T013925Z_0124,s5_log_sheet,5,Google Sheets,add_row,skipped,0,,
run_wf_shopify_returns_20260214T025604Z_0019,s1_get_refund,1,Shopify,get_refund,success,500,,
run_wf_shopify_returns_20260214T025604Z_0019,s2_process,2,Code,run_python,success,602,,
run_wf_shopify_returns_20260214T025604Z_0019,s3_update_inventory,3,Shopify,update_product,success,306,,
run_wf_shopify_returns_20260214T025604Z_0019,s4_notify,4,Slack,send_message,success,722,,
run_wf_shopify_orders_20260214T025653Z_0153,s1_get_order,1,Shopify,get_order,success,1007,,
run_wf_shopify_orders_20260214T025653Z_0153,s2_validate,2,Code,run_python,success,722,,
run_wf_shopify_orders_20260214T025653Z_0153,s3_create_invoice,3,QuickBooks,create_invoice,success,370,,
run_wf_shopify_orders_20260214T025653Z_0153,s4_update_inventory,4,Shopify,update_product,success,244,,
run_wf_shopify_orders_20260214T025653Z_0153,s5_notify_warehouse,5,Slack,send_message,success,344,,
run_wf_shopify_orders_20260214T025653Z_0153,s6_update_crm,6,Salesforce,update_record,success,279,,
run_wf_shopify_orders_20260214T025653Z_0153,s7_log,7,Google Sheets,add_row,success,741,,
run_wf_shopify_orders_20260214T050541Z_0030,s1_get_order,1,Shopify,get_order,success,1003,,
run_wf_shopify_orders_20260214T050541Z_0030,s2_validate,2,Code,run_python,success,453,,
run_wf_shopify_orders_20260214T050541Z_0030,s3_create_invoice,3,QuickBooks,create_invoice,success,463,,
run_wf_shopify_orders_20260214T050541Z_0030,s4_update_inventory,4,Shopify,update_product,success,134,,
run_wf_shopify_orders_20260214T050541Z_0030,s5_notify_warehouse,5,Slack,send_message,success,311,,
run_wf_shopify_orders_20260214T050541Z_0030,s6_update_crm,6,Salesforce,update_record,success,183,,
run_wf_shopify_orders_20260214T050541Z_0030,s7_log,7,Google Sheets,add_row,success,478,,
run_wf_shopify_orders_20260214T052600Z_0063,s1_get_order,1,Shopify,get_order,success,809,,
run_wf_shopify_orders_20260214T052600Z_0063,s2_validate,2,Code,run_python,success,1013,,
run_wf_shopify_orders_20260214T052600Z_0063,s3_create_invoice,3,QuickBooks,create_invoice,success,486,,
run_wf_shopify_orders_20260214T052600Z_0063,s4_update_inventory,4,Shopify,update_product,success,142,,
run_wf_shopify_orders_20260214T052600Z_0063,s5_notify_warehouse,5,Slack,send_message,success,230,,
run_wf_shopify_orders_20260214T052600Z_0063,s6_update_crm,6,Salesforce,update_record,success,81,,
run_wf_shopify_orders_20260214T052600Z_0063,s7_log,7,Google Sheets,add_row,success,588,,
run_wf_shopify_orders_20260214T082520Z_0203,s1_get_order,1,Shopify,get_order,success,591,,
run_wf_shopify_orders_20260214T082520Z_0203,s2_validate,2,Code,run_python,success,968,,
run_wf_shopify_orders_20260214T082520Z_0203,s3_create_invoice,3,QuickBooks,create_invoice,success,589,,
run_wf_shopify_orders_20260214T082520Z_0203,s4_update_inventory,4,Shopify,update_product,failed,299,TIMEOUT,Transient timeout error
run_wf_shopify_orders_20260214T082520Z_0203,s5_notify_warehouse,5,Slack,send_message,skipped,0,,
run_wf_shopify_orders_20260214T082520Z_0203,s6_update_crm,6,Salesforce,update_record,skipped,0,,
run_wf_shopify_orders_20260214T082520Z_0203,s7_log,7,Google Sheets,add_row,skipped,0,,
run_wf_support_router_20260214T083524Z_0080,s1_receive_ticket,1,Zendesk,get_ticket,success,333,,
run_wf_support_router_20260214T083524Z_0080,s2_classify,2,Code,run_python,success,430,,
run_wf_support_router_20260214T083524Z_0080,s3_route_slack,3,Slack,send_message,success,94,,
run_wf_support_router_20260214T083524Z_0080,s4_create_task,4,Asana,create_task,success,174,,
run_wf_support_router_20260214T083524Z_0080,s5_log_sheet,5,Google Sheets,add_row,success,448,,
run_wf_shopify_orders_20260214T085408Z_0027,s1_get_order,1,Shopify,get_order,success,609,,
run_wf_shopify_orders_20260214T085408Z_0027,s2_validate,2,Code,run_python,failed,1179,UNKNOWN,Transient unknown error
run_wf_shopify_orders_20260214T085408Z_0027,s3_create_invoice,3,QuickBooks,create_invoice,skipped,0,,
run_wf_shopify_orders_20260214T085408Z_0027,s4_update_inventory,4,Shopify,update_product,skipped,0,,
run_wf_shopify_orders_20260214T085408Z_0027,s5_notify_warehouse,5,Slack,send_message,skipped,0,,
run_wf_shopify_orders_20260214T085408Z_0027,s6_update_crm,6,Salesforce,update_record,skipped,0,,
run_wf_shopify_orders_20260214T085408Z_0027,s7_log,7,Google Sheets,add_row,skipped,0,,
run_wf_shopify_returns_20260214T100044Z_0008,s1_get_refund,1,Shopify,get_refund,success,649,,
run_wf_shopify_returns_20260214T100044Z_0008,s2_process,2,Code,run_python,failed,492,TIMEOUT,Transient timeout error
run_wf_shopify_returns_20260214T100044Z_0008,s3_update_inventory,3,Shopify,update_product,skipped,0,,
run_wf_shopify_returns_20260214T100044Z_0008,s4_notify,4,Slack,send_message,skipped,0,,
run_wf_lead_sync_20260214T100609Z_0062,s1_get_contact,1,HubSpot,get_contact,success,307,,
run_wf_lead_sync_20260214T100609Z_0062,s2_transform,2,Code,run_python,success,268,,
run_wf_lead_sync_20260214T100609Z_0062,s3_push_to_sf,3,Salesforce,create_lead,success,333,,
run_wf_lead_sync_20260214T100609Z_0062,s4_notify,4,Slack,send_message,success,1353,,
run_wf_lead_sync_authfail_20260214T103105Z_0006,s1_get_contact,1,HubSpot,get_contact,success,478,,
run_wf_lead_sync_authfail_20260214T103105Z_0006,s2_transform,2,Code,run_python,success,725,,
run_wf_lead_sync_authfail_20260214T103105Z_0006,s3_push_to_sf,3,Salesforce,create_lead,failed,184,AUTH_EXPIRED,Salesforce connection expired. Re-authenticate required.
run_wf_lead_sync_authfail_20260214T103105Z_0006,s4_notify,4,Slack,send_message,skipped,0,,
run_wf_lead_sync_authfail_20260214T103145Z_0000,s1_get_contact,1,HubSpot,get_contact,success,513,,
run_wf_lead_sync_authfail_20260214T103145Z_0000,s2_transform,2,Code,run_python,success,320,,
run_wf_lead_sync_authfail_20260214T103145Z_0000,s3_push_to_sf,3,Salesforce,create_lead,failed,194,AUTH_EXPIRED,Salesforce connection expired. Re-authenticate required.
run_wf_lead_sync_authfail_20260214T103145Z_0000,s4_notify,4,Slack,send_message,skipped,0,,
run_wf_lead_sync_authfail_20260214T103807Z_0010,s1_get_contact,1,HubSpot,get_contact,success,269,,
run_wf_lead_sync_authfail_20260214T103807Z_0010,s2_transform,2,Code,run_python,success,403,,
run_wf_lead_sync_authfail_20260214T103807Z_0010,s3_push_to_sf,3,Salesforce,create_lead,failed,322,AUTH_EXPIRED,Salesforce connection expired. Re-authenticate required.
run_wf_lead_sync_authfail_20260214T103807Z_0010,s4_notify,4,Slack,send_message,skipped,0,,
run_wf_lead_sync_authfail_20260214T103910Z_0012,s1_get_contact,1,HubSpot,get_contact,success,532,,
run_wf_lead_sync_authfail_20260214T103910Z_0012,s2_transform,2,Code,run_python,success,273,,
run_wf_lead_sync_authfail_20260214T103910Z_0012,s3_push_to_sf,3,Salesforce,create_lead,failed,195,AUTH_EXPIRED,Salesforce connection expired. Re-authenticate required.
run_wf_lead_sync_authfail_20260214T103910Z_0012,s4_notify,4,Slack,send_message,skipped,0,,
run_wf_shopify_returns_20260214T104414Z_0026,s1_get_refund,1,Shopify,get_refund,success,712,,
run_wf_shopify_returns_20260214T104414Z_0026,s2_process,2,Code,run_python,failed,649,TIMEOUT,Transient timeout error
run_wf_shopify_returns_20260214T104414Z_0026,s3_update_inventory,3,Shopify,update_product,skipped,0,,
run_wf_shopify_returns_20260214T104414Z_0026,s4_notify,4,Slack,send_message,skipped,0,,
run_wf_lead_sync_authfail_20260214T104418Z_0011,s1_get_contact,1,HubSpot,get_contact,success,845,,
run_wf_lead_sync_authfail_20260214T104418Z_0011,s2_transform,2,Code,run_python,success,261,,
run_wf_lead_sync_authfail_20260214T104418Z_0011,s3_push_to_sf,3,Salesforce,create_lead,failed,536,AUTH_EXPIRED,Salesforce connection expired. Re-authenticate required.
run_wf_lead_sync_authfail_20260214T104418Z_0011,s4_notify,4,Slack,send_message,skipped,0,,
run_wf_lead_sync_authfail_20260214T104455Z_0002,s1_get_contact,1,HubSpot,get_contact,success,590,,
run_wf_lead_sync_authfail_20260214T104455Z_0002,s2_transform,2,Code,run_python,success,330,,
run_wf_lead_sync_authfail_20260214T104455Z_0002,s3_push_to_sf,3,Salesforce,create_lead,failed,163,AUTH_EXPIRED,Salesforce connection expired. Re-authenticate required.
run_wf_lead_sync_authfail_20260214T104455Z_0002,s4_notify,4,Slack,send_message,skipped,0,,
run_wf_lead_sync_authfail_20260214T105714Z_0013,s1_get_contact,1,HubSpot,get_contact,success,592,,
run_wf_lead_sync_authfail_20260214T105714Z_0013,s2_transform,2,Code,run_python,success,303,,
run_wf_lead_sync_authfail_20260214T105714Z_0013,s3_push_to_sf,3,Salesforce,create_lead,failed,120,AUTH_EXPIRED,Salesforce connection expired. Re-authenticate required.
run_wf_lead_sync_authfail_20260214T105714Z_0013,s4_notify,4,Slack,send_message,skipped,0,,
run_wf_lead_sync_authfail_20260214T111108Z_0005,s1_get_contact,1,HubSpot,get_contact,success,327,,
run_wf_lead_sync_authfail_20260214T111108Z_0005,s2_transform,2,Code,run_python,success,225,,
run_wf_lead_sync_authfail_20260214T111108Z_0005,s3_push_to_sf,3,Salesforce,create_lead,failed,545,AUTH_EXPIRED,Salesforce connection expired. Re-authenticate required.
run_wf_lead_sync_authfail_20260214T111108Z_0005,s4_notify,4,Slack,send_message,skipped,0,,
run_wf_lead_sync_authfail_20260214T114533Z_0003,s1_get_contact,1,HubSpot,get_contact,success,164,,
run_wf_lead_sync_authfail_20260214T114533Z_0003,s2_transform,2,Code,run_python,success,396,,
run_wf_lead_sync_authfail_20260214T114533Z_0003,s3_push_to_sf,3,Salesforce,create_lead,failed,401,AUTH_EXPIRED,Salesforce connection expired. Re-authenticate required.
run_wf_lead_sync_authfail_20260214T114533Z_0003,s4_notify,4,Slack,send_message,skipped,0,,
run_wf_lead_sync_authfail_20260214T114741Z_0008,s1_get_contact,1,HubSpot,get_contact,success,1030,,
run_wf_lead_sync_authfail_20260214T114741Z_0008,s2_transform,2,Code,run_python,success,489,,
run_wf_lead_sync_authfail_20260214T114741Z_0008,s3_push_to_sf,3,Salesforce,create_lead,failed,480,AUTH_EXPIRED,Salesforce connection expired. Re-authenticate required.
run_wf_lead_sync_authfail_20260214T114741Z_0008,s4_notify,4,Slack,send_message,skipped,0,,
run_wf_lead_sync_authfail_20260214T120311Z_0009,s1_get_contact,1,HubSpot,get_contact,success,353,,
run_wf_lead_sync_authfail_20260214T120311Z_0009,s2_transform,2,Code,run_python,success,244,,
run_wf_lead_sync_authfail_20260214T120311Z_0009,s3_push_to_sf,3,Salesforce,create_lead,failed,288,AUTH_EXPIRED,Salesforce connection expired. Re-authenticate required.
run_wf_lead_sync_authfail_20260214T120311Z_0009,s4_notify,4,Slack,send_message,skipped,0,,
run_wf_lead_sync_authfail_20260214T120440Z_0004,s1_get_contact,1,HubSpot,get_contact,success,240,,
run_wf_lead_sync_authfail_20260214T120440Z_0004,s2_transform,2,Code,run_python,success,544,,
run_wf_lead_sync_authfail_20260214T120440Z_0004,s3_push_to_sf,3,Salesforce,create_lead,failed,463,AUTH_EXPIRED,Salesforce connection expired. Re-authenticate required.
run_wf_lead_sync_authfail_20260214T120440Z_0004,s4_notify,4,Slack,send_message,skipped,0,,
run_wf_lead_sync_authfail_20260214T121419Z_0007,s1_get_contact,1,HubSpot,get_contact,success,380,,
run_wf_lead_sync_authfail_20260214T121419Z_0007,s2_transform,2,Code,run_python,success,78,,
run_wf_lead_sync_authfail_20260214T121419Z_0007,s3_push_to_sf,3,Salesforce,create_lead,failed,139,AUTH_EXPIRED,Salesforce connection expired. Re-authenticate required.
run_wf_lead_sync_authfail_20260214T121419Z_0007,s4_notify,4,Slack,send_message,skipped,0,,
run_wf_lead_sync_authfail_20260214T122520Z_0001,s1_get_contact,1,HubSpot,get_contact,success,420,,
run_wf_lead_sync_authfail_20260214T122520Z_0001,s2_transform,2,Code,run_python,success,358,,
run_wf_lead_sync_authfail_20260214T122520Z_0001,s3_push_to_sf,3,Salesforce,create_lead,failed,173,AUTH_EXPIRED,Salesforce connection expired. Re-authenticate required.
run_wf_lead_sync_authfail_20260214T122520Z_0001,s4_notify,4,Slack,send_message,skipped,0,,
run_wf_shopify_orders_20260214T130055Z_0113,s1_get_order,1,Shopify,get_order,success,496,,
run_wf_shopify_orders_20260214T130055Z_0113,s2_validate,2,Code,run_python,success,1383,,
run_wf_shopify_orders_20260214T130055Z_0113,s3_create_invoice,3,QuickBooks,create_invoice,success,459,,
run_wf_shopify_orders_20260214T130055Z_0113,s4_update_inventory,4,Shopify,update_product,success,349,,
run_wf_shopify_orders_20260214T130055Z_0113,s5_notify_warehouse,5,Slack,send_message,success,307,,
run_wf_shopify_orders_20260214T130055Z_0113,s6_update_crm,6,Salesforce,update_record,success,306,,
run_wf_shopify_orders_20260214T130055Z_0113,s7_log,7,Google Sheets,add_row,success,689,,
run_wf_lead_sync_recovery_20260214T134007Z_0006,s1_get_contact,1,HubSpot,get_contact,success,815,,
run_wf_lead_sync_recovery_20260214T134007Z_0006,s2_transform,2,Code,run_python,success,537,,
run_wf_lead_sync_recovery_20260214T134007Z_0006,s3_push_to_sf,3,Salesforce,create_lead,success,198,,
run_wf_lead_sync_recovery_20260214T134007Z_0006,s4_notify,4,Slack,send_message,success,954,,
run_wf_shopify_orders_20260214T142349Z_0183,s1_get_order,1,Shopify,get_order,success,5737,,
run_wf_shopify_orders_20260214T142349Z_0183,s2_validate,2,Code,run_python,success,1834,,
run_wf_shopify_orders_20260214T142349Z_0183,s3_create_invoice,3,QuickBooks,create_invoice,success,2598,,
run_wf_shopify_orders_20260214T142349Z_0183,s4_update_inventory,4,Shopify,update_product,failed,1744,TIMEOUT,Request timed out waiting for Shopify API response
run_wf_shopify_orders_20260214T142349Z_0183,s5_notify_warehouse,5,Slack,send_message,skipped,0,,
run_wf_shopify_orders_20260214T142349Z_0183,s6_update_crm,6,Salesforce,update_record,skipped,0,,
run_wf_shopify_orders_20260214T142349Z_0183,s7_log,7,Google Sheets,add_row,skipped,0,,
run_wf_invoice_sync_20260214T142413Z_0007,s1_get_invoice,1,Stripe,get_invoice,success,335,,
run_wf_invoice_sync_20260214T142413Z_0007,s2_create_entry,2,QuickBooks,create_invoice,success,633,,
run_wf_invoice_sync_20260214T142413Z_0007,s3_notify,3,Slack,send_message,success,1113,,
run_wf_shopify_orders_20260214T143734Z_0188,s1_get_order,1,Shopify,get_order,success,3279,,
run_wf_shopify_orders_20260214T143734Z_0188,s2_validate,2,Code,run_python,success,2581,,
run_wf_shopify_orders_20260214T143734Z_0188,s3_create_invoice,3,QuickBooks,create_invoice,success,2151,,
run_wf_shopify_orders_20260214T143734Z_0188,s4_update_inventory,4,Shopify,update_product,success,1837,,
run_wf_shopify_orders_20260214T143734Z_0188,s5_notify_warehouse,5,Slack,send_message,success,494,,
run_wf_shopify_orders_20260214T143734Z_0188,s6_update_crm,6,Salesforce,update_record,success,470,,
run_wf_shopify_orders_20260214T143734Z_0188,s7_log,7,Google Sheets,add_row,success,2455,,
run_wf_shopify_orders_20260214T150518Z_0226,s1_get_order,1,Shopify,get_order,success,5181,,
run_wf_shopify_orders_20260214T150518Z_0226,s2_validate,2,Code,run_python,success,2183,,
run_wf_shopify_orders_20260214T150518Z_0226,s3_create_invoice,3,QuickBooks,create_invoice,success,1000,,
run_wf_shopify_orders_20260214T150518Z_0226,s4_update_inventory,4,Shopify,update_product,failed,1779,TIMEOUT,Request timed out waiting for Shopify API response
run_wf_shopify_orders_20260214T150518Z_0226,s5_notify_warehouse,5,Slack,send_message,skipped,0,,
run_wf_shopify_orders_20260214T150518Z_0226,s6_update_crm,6,Salesforce,update_record,skipped,0,,
run_wf_shopify_orders_20260214T150518Z_0226,s7_log,7,Google Sheets,add_row,skipped,0,,
run_wf_shopify_returns_20260214T152551Z_0022,s1_get_refund,1,Shopify,get_refund,failed,1129,TIMEOUT,Request timed out waiting for Shopify API response
run_wf_shopify_returns_20260214T152551Z_0022,s2_process,2,Code,run_python,skipped,0,,
run_wf_shopify_returns_20260214T152551Z_0022,s3_update_inventory,3,Shopify,update_product,skipped,0,,
run_wf_shopify_returns_20260214T152551Z_0022,s4_notify,4,Slack,send_message,skipped,0,,
run_wf_shopify_orders_20260214T152655Z_0120,s1_get_order,1,Shopify,get_order,failed,1902,TIMEOUT,Request timed out waiting for Shopify API response
run_wf_shopify_orders_20260214T152655Z_0120,s2_validate,2,Code,run_python,skipped,0,,
run_wf_shopify_orders_20260214T152655Z_0120,s3_create_invoice,3,QuickBooks,create_invoice,skipped,0,,
run_wf_shopify_orders_20260214T152655Z_0120,s4_update_inventory,4,Shopify,update_product,skipped,0,,
run_wf_shopify_orders_20260214T152655Z_0120,s5_notify_warehouse,5,Slack,send_message,skipped,0,,
run_wf_shopify_orders_20260214T152655Z_0120,s6_update_crm,6,Salesforce,update_record,skipped,0,,
run_wf_shopify_orders_20260214T152655Z_0120,s7_log,7,Google Sheets,add_row,skipped,0,,
run_wf_support_router_20260214T153453Z_0011,s1_receive_ticket,1,Zendesk,get_ticket,success,294,,
run_wf_support_router_20260214T153453Z_0011,s2_classify,2,Code,run_python,success,267,,
run_wf_support_router_20260214T153453Z_0011,s3_route_slack,3,Slack,send_message,success,234,,
run_wf_support_router_20260214T153453Z_0011,s4_create_task,4,Asana,create_task,success,157,,
run_wf_support_router_20260214T153453Z_0011,s5_log_sheet,5,Google Sheets,add_row,success,282,,
run_wf_lead_sync_recovery_20260214T155004Z_0007,s1_get_contact,1,HubSpot,get_contact,success,551,,
run_wf_lead_sync_recovery_20260214T155004Z_0007,s2_transform,2,Code,run_python,success,316,,
run_wf_lead_sync_recovery_20260214T155004Z_0007,s3_push_to_sf,3,Salesforce,create_lead,success,246,,
run_wf_lead_sync_recovery_20260214T155004Z_0007,s4_notify,4,Slack,send_message,success,721,,
run_wf_shopify_returns_20260214T163525Z_0017,s1_get_refund,1,Shopify,get_refund,success,1663,,
run_wf_shopify_returns_20260214T163525Z_0017,s2_process,2,Code,run_python,success,1831,,
run_wf_shopify_returns_20260214T163525Z_0017,s3_update_inventory,3,Shopify,update_product,failed,1657,TIMEOUT,Request timed out waiting for Shopify API response
run_wf_shopify_returns_20260214T163525Z_0017,s4_notify,4,Slack,send_message,skipped,0,,
run_wf_shopify_orders_20260214T164627Z_0083,s1_get_order,1,Shopify,get_order,failed,5660,TIMEOUT,Request timed out waiting for Shopify API response
run_wf_shopify_orders_20260214T164627Z_0083,s2_validate,2,Code,run_python,skipped,0,,
run_wf_shopify_orders_20260214T164627Z_0083,s3_create_invoice,3,QuickBooks,create_invoice,skipped,0,,
run_wf_shopify_orders_20260214T164627Z_0083,s4_update_inventory,4,Shopify,update_product,skipped,0,,
run_wf_shopify_orders_20260214T164627Z_0083,s5_notify_warehouse,5,Slack,send_message,skipped,0,,
run_wf_shopify_orders_20260214T164627Z_0083,s6_update_crm,6,Salesforce,update_record,skipped,0,,
run_wf_shopify_orders_20260214T164627Z_0083,s7_log,7,Google Sheets,add_row,skipped,0,,
run_wf_shopify_orders_20260214T164627Z_0106,s1_get_order,1,Shopify,get_order,failed,4355,TIMEOUT,Request timed out waiting for Shopify API response
run_wf_shopify_orders_20260214T164627Z_0106,s2_validate,2,Code,run_python,skipped,0,,
run_wf_shopify_orders_20260214T164627Z_0106,s3_create_invoice,3,QuickBooks,create_invoice,skipped,0,,
run_wf_shopify_orders_20260214T164627Z_0106,s4_update_inventory,4,Shopify,update_product,skipped,0,,
run_wf_shopify_orders_20260214T164627Z_0106,s5_notify_warehouse,5,Slack,send_message,skipped,0,,
run_wf_shopify_orders_20260214T164627Z_0106,s6_update_crm,6,Salesforce,update_record,skipped,0,,
run_wf_shopify_orders_20260214T164627Z_0106,s7_log,7,Google Sheets,add_row,skipped,0,,
run_wf_shopify_orders_20260214T170547Z_0069,s1_get_order,1,Shopify,get_order,success,2210,,
run_wf_shopify_orders_20260214T170547Z_0069,s2_validate,2,Code,run_python,success,3223,,
run_wf_shopify_orders_20260214T170547Z_0069,s3_create_invoice,3,QuickBooks,create_invoice,success,3047,,
run_wf_shopify_orders_20260214T170547Z_0069,s4_update_inventory,4,Shopify,update_product,failed,3191,TIMEOUT,Request timed out waiting for Shopify API response
run_wf_shopify_orders_20260214T170547Z_0069,s5_notify_warehouse,5,Slack,send_message,skipped,0,,
run_wf_shopify_orders_20260214T170547Z_0069,s6_update_crm,6,Salesforce,update_record,skipped,0,,
run_wf_shopify_orders_20260214T170547Z_0069,s7_log,7,Google Sheets,add_row,skipped,0,,
run_wf_shopify_orders_20260214T172934Z_0214,s1_get_order,1,Shopify,get_order,failed,1693,TIMEOUT,Request timed out waiting for Shopify API response
run_wf_shopify_orders_20260214T172934Z_0214,s2_validate,2,Code,run_python,skipped,0,,
run_wf_shopify_orders_20260214T172934Z_0214,s3_create_invoice,3,QuickBooks,create_invoice,skipped,0,,
run_wf_shopify_orders_20260214T172934Z_0214,s4_update_inventory,4,Shopify,update_product,skipped,0,,
run_wf_shopify_orders_20260214T172934Z_0214,s5_notify_warehouse,5,Slack,send_message,skipped,0,,
run_wf_shopify_orders_20260214T172934Z_0214,s6_update_crm,6,Salesforce,update_record,skipped,0,,
run_wf_shopify_orders_20260214T172934Z_0214,s7_log,7,Google Sheets,add_row,skipped,0,,
run_wf_slack_digest_20260214T181743Z_0000,s1_fetch_data,1,Google Sheets,get_rows,success,186,,
run_wf_slack_digest_20260214T181743Z_0000,s2_format,2,Code,run_python,success,194,,
run_wf_slack_digest_20260214T181743Z_0000,s3_post,3,Slack,send_message,success,643,,
run_wf_shopify_orders_20260214T181957Z_0238,s1_get_order,1,Shopify,get_order,success,842,,
run_wf_shopify_orders_20260214T181957Z_0238,s2_validate,2,Code,run_python,success,541,,
run_wf_shopify_orders_20260214T181957Z_0238,s3_create_invoice,3,QuickBooks,create_invoice,success,638,,
run_wf_shopify_orders_20260214T181957Z_0238,s4_update_inventory,4,Shopify,update_product,success,194,,
run_wf_shopify_orders_20260214T181957Z_0238,s5_notify_warehouse,5,Slack,send_message,success,296,,
run_wf_shopify_orders_20260214T181957Z_0238,s6_update_crm,6,Salesforce,update_record,success,395,,
run_wf_shopify_orders_20260214T181957Z_0238,s7_log,7,Google Sheets,add_row,success,763,,
run_wf_shopify_orders_20260214T184446Z_0039,s1_get_order,1,Shopify,get_order,success,876,,
run_wf_shopify_orders_20260214T184446Z_0039,s2_validate,2,Code,run_python,success,304,,
run_wf_shopify_orders_20260214T184446Z_0039,s3_create_invoice,3,QuickBooks,create_invoice,success,746,,
run_wf_shopify_orders_20260214T184446Z_0039,s4_update_inventory,4,Shopify,update_product,failed,382,TIMEOUT,Transient timeout error
run_wf_shopify_orders_20260214T184446Z_0039,s5_notify_warehouse,5,Slack,send_message,skipped,0,,
run_wf_shopify_orders_20260214T184446Z_0039,s6_update_crm,6,Salesforce,update_record,skipped,0,,
run_wf_shopify_orders_20260214T184446Z_0039,s7_log,7,Google Sheets,add_row,skipped,0,,
run_wf_support_router_20260214T202007Z_0107,s1_receive_ticket,1,Zendesk,get_ticket,success,365,,
run_wf_support_router_20260214T202007Z_0107,s2_classify,2,Code,run_python,success,152,,
run_wf_support_router_20260214T202007Z_0107,s3_route_slack,3,Slack,send_message,success,128,,
run_wf_support_router_20260214T202007Z_0107,s4_create_task,4,Asana,create_task,success,50,,
run_wf_support_router_20260214T202007Z_0107,s5_log_sheet,5,Google Sheets,add_row,success,302,,
run_wf_shopify_orders_20260214T203359Z_0151,s1_get_order,1,Shopify,get_order,success,1095,,
run_wf_shopify_orders_20260214T203359Z_0151,s2_validate,2,Code,run_python,success,664,,
run_wf_shopify_orders_20260214T203359Z_0151,s3_create_invoice,3,QuickBooks,create_invoice,success,645,,
run_wf_shopify_orders_20260214T203359Z_0151,s4_update_inventory,4,Shopify,update_product,success,391,,
run_wf_shopify_orders_20260214T203359Z_0151,s5_notify_warehouse,5,Slack,send_message,success,318,,
run_wf_shopify_orders_20260214T203359Z_0151,s6_update_crm,6,Salesforce,update_record,success,219,,
run_wf_shopify_orders_20260214T203359Z_0151,s7_log,7,Google Sheets,add_row,success,487,,
run_wf_support_router_20260214T204602Z_0106,s1_receive_ticket,1,Zendesk,get_ticket,success,154,,
run_wf_support_router_20260214T204602Z_0106,s2_classify,2,Code,run_python,success,145,,
run_wf_support_router_20260214T204602Z_0106,s3_route_slack,3,Slack,send_message,success,121,,
run_wf_support_router_20260214T204602Z_0106,s4_create_task,4,Asana,create_task,success,300,,
run_wf_support_router_20260214T204602Z_0106,s5_log_sheet,5,Google Sheets,add_row,success,596,,
run_wf_support_router_20260214T212953Z_0038,s1_receive_ticket,1,Zendesk,get_ticket,success,85,,
run_wf_support_router_20260214T212953Z_0038,s2_classify,2,Code,run_python,success,267,,
run_wf_support_router_20260214T212953Z_0038,s3_route_slack,3,Slack,send_message,success,164,,
run_wf_support_router_20260214T212953Z_0038,s4_create_task,4,Asana,create_task,success,53,,
run_wf_support_router_20260214T212953Z_0038,s5_log_sheet,5,Google Sheets,add_row,success,264,,
run_wf_shopify_orders_20260214T215113Z_0173,s1_get_order,1,Shopify,get_order,success,595,,
run_wf_shopify_orders_20260214T215113Z_0173,s2_validate,2,Code,run_python,success,307,,
run_wf_shopify_orders_20260214T215113Z_0173,s3_create_invoice,3,QuickBooks,create_invoice,success,491,,
run_wf_shopify_orders_20260214T215113Z_0173,s4_update_inventory,4,Shopify,update_product,success,398,,
run_wf_shopify_orders_20260214T215113Z_0173,s5_notify_warehouse,5,Slack,send_message,success,268,,
run_wf_shopify_orders_20260214T215113Z_0173,s6_update_crm,6,Salesforce,update_record,failed,101,INTERNAL,Transient internal error
run_wf_shopify_orders_20260214T215113Z_0173,s7_log,7,Google Sheets,add_row,skipped,0,,
run_wf_shopify_orders_20260214T220054Z_0028,s1_get_order,1,Shopify,get_order,success,369,,
run_wf_shopify_orders_20260214T220054Z_0028,s2_validate,2,Code,run_python,success,690,,
run_wf_shopify_orders_20260214T220054Z_0028,s3_create_invoice,3,QuickBooks,create_invoice,success,333,,
run_wf_shopify_orders_20260214T220054Z_0028,s4_update_inventory,4,Shopify,update_product,success,293,,
run_wf_shopify_orders_20260214T220054Z_0028,s5_notify_warehouse,5,Slack,send_message,success,188,,
run_wf_shopify_orders_20260214T220054Z_0028,s6_update_crm,6,Salesforce,update_record,success,109,,
run_wf_shopify_orders_20260214T220054Z_0028,s7_log,7,Google Sheets,add_row,success,733,,
run_wf_shopify_orders_20260214T224758Z_0197,s1_get_order,1,Shopify,get_order,success,922,,
run_wf_shopify_orders_20260214T224758Z_0197,s2_validate,2,Code,run_python,success,536,,
run_wf_shopify_orders_20260214T224758Z_0197,s3_create_invoice,3,QuickBooks,create_invoice,success,234,,
run_wf_shopify_orders_20260214T224758Z_0197,s4_update_inventory,4,Shopify,update_product,success,268,,
run_wf_shopify_orders_20260214T224758Z_0197,s5_notify_warehouse,5,Slack,send_message,success,316,,
run_wf_shopify_orders_20260214T224758Z_0197,s6_update_crm,6,Salesforce,update_record,success,186,,
run_wf_shopify_orders_20260214T224758Z_0197,s7_log,7,Google Sheets,add_row,success,355,,
run_wf_shopify_orders_20260214T232359Z_0021,s1_get_order,1,Shopify,get_order,success,535,,
run_wf_shopify_orders_20260214T232359Z_0021,s2_validate,2,Code,run_python,failed,1029,BAD_INPUT,Transient bad_input error
run_wf_shopify_orders_20260214T232359Z_0021,s3_create_invoice,3,QuickBooks,create_invoice,skipped,0,,
run_wf_shopify_orders_20260214T232359Z_0021,s4_update_inventory,4,Shopify,update_product,skipped,0,,
run_wf_shopify_orders_20260214T232359Z_0021,s5_notify_warehouse,5,Slack,send_message,skipped,0,,
run_wf_shopify_orders_20260214T232359Z_0021,s6_update_crm,6,Salesforce,update_record,skipped,0,,
run_wf_shopify_orders_20260214T232359Z_0021,s7_log,7,Google Sheets,add_row,skipped,0,,
run_wf_shopify_orders_20260214T234339Z_0008,s1_get_order,1,Shopify,get_order,success,568,,
run_wf_shopify_orders_20260214T234339Z_0008,s2_validate,2,Code,run_python,success,500,,
run_wf_shopify_orders_20260214T234339Z_0008,s3_create_invoice,3,QuickBooks,create_invoice,success,264,,
run_wf_shopify_orders_20260214T234339Z_0008,s4_update_inventory,4,Shopify,update_product,success,505,,
run_wf_shopify_orders_20260214T234339Z_0008,s5_notify_warehouse,5,Slack,send_message,success,307,,
run_wf_shopify_orders_20260214T234339Z_0008,s6_update_crm,6,Salesforce,update_record,success,437,,
run_wf_shopify_orders_20260214T234339Z_0008,s7_log,7,Google Sheets,add_row,success,988,,
run_wf_shopify_returns_20260214T235427Z_0009,s1_get_refund,1,Shopify,get_refund,success,583,,
run_wf_shopify_returns_20260214T235427Z_0009,s2_process,2,Code,run_python,success,335,,
run_wf_shopify_returns_20260214T235427Z_0009,s3_update_inventory,3,Shopify,update_product,success,100,,
run_wf_shopify_returns_20260214T235427Z_0009,s4_notify,4,Slack,send_message,success,567,,
run_wf_support_router_20260214T235853Z_0071,s1_receive_ticket,1,Zendesk,get_ticket,success,311,,
run_wf_support_router_20260214T235853Z_0071,s2_classify,2,Code,run_python,success,147,,
run_wf_support_router_20260214T235853Z_0071,s3_route_slack,3,Slack,send_message,success,105,,
run_wf_support_router_20260214T235853Z_0071,s4_create_task,4,Asana,create_task,success,50,,
run_wf_support_router_20260214T235853Z_0071,s5_log_sheet,5,Google Sheets,add_row,success,259,,
run_wf_shopify_orders_20260215T003549Z_0048,s1_get_order,1,Shopify,get_order,success,890,,
run_wf_shopify_orders_20260215T003549Z_0048,s2_validate,2,Code,run_python,success,980,,
run_wf_shopify_orders_20260215T003549Z_0048,s3_create_invoice,3,QuickBooks,create_invoice,success,586,,
run_wf_shopify_orders_20260215T003549Z_0048,s4_update_inventory,4,Shopify,update_product,success,300,,
run_wf_shopify_orders_20260215T003549Z_0048,s5_notify_warehouse,5,Slack,send_message,success,288,,
run_wf_shopify_orders_20260215T003549Z_0048,s6_update_crm,6,Salesforce,update_record,success,204,,
run_wf_shopify_orders_20260215T003549Z_0048,s7_log,7,Google Sheets,add_row,success,651,,
run_wf_shopify_orders_20260215T003753Z_0124,s1_get_order,1,Shopify,get_order,success,389,,
run_wf_shopify_orders_20260215T003753Z_0124,s2_validate,2,Code,run_python,success,598,,
run_wf_shopify_orders_20260215T003753Z_0124,s3_create_invoice,3,QuickBooks,create_invoice,success,323,,
run_wf_shopify_orders_20260215T003753Z_0124,s4_update_inventory,4,Shopify,update_product,success,602,,
run_wf_shopify_orders_20260215T003753Z_0124,s5_notify_warehouse,5,Slack,send_message,success,312,,
run_wf_shopify_orders_20260215T003753Z_0124,s6_update_crm,6,Salesforce,update_record,success,350,,
run_wf_shopify_orders_20260215T003753Z_0124,s7_log,7,Google Sheets,add_row,success,724,,
run_wf_shopify_orders_20260215T005920Z_0018,s1_get_order,1,Shopify,get_order,success,461,,
run_wf_shopify_orders_20260215T005920Z_0018,s2_validate,2,Code,run_python,success,513,,
run_wf_shopify_orders_20260215T005920Z_0018,s3_create_invoice,3,QuickBooks,create_invoice,success,381,,
run_wf_shopify_orders_20260215T005920Z_0018,s4_update_inventory,4,Shopify,update_product,success,890,,
run_wf_shopify_orders_20260215T005920Z_0018,s5_notify_warehouse,5,Slack,send_message,success,466,,
run_wf_shopify_orders_20260215T005920Z_0018,s6_update_crm,6,Salesforce,update_record,success,385,,
run_wf_shopify_orders_20260215T005920Z_0018,s7_log,7,Google Sheets,add_row,success,587,,
run_wf_support_router_20260215T015912Z_0008,s1_receive_ticket,1,Zendesk,get_ticket,success,115,,
run_wf_support_router_20260215T015912Z_0008,s2_classify,2,Code,run_python,success,321,,
run_wf_support_router_20260215T015912Z_0008,s3_route_slack,3,Slack,send_message,success,241,,
run_wf_support_router_20260215T015912Z_0008,s4_create_task,4,Asana,create_task,success,75,,
run_wf_support_router_20260215T015912Z_0008,s5_log_sheet,5,Google Sheets,add_row,success,301,,
run_wf_shopify_orders_20260215T050840Z_0072,s1_get_order,1,Shopify,get_order,success,1166,,
run_wf_shopify_orders_20260215T050840Z_0072,s2_validate,2,Code,run_python,success,675,,
run_wf_shopify_orders_20260215T050840Z_0072,s3_create_invoice,3,QuickBooks,create_invoice,success,616,,
run_wf_shopify_orders_20260215T050840Z_0072,s4_update_inventory,4,Shopify,update_product,success,193,,
run_wf_shopify_orders_20260215T050840Z_0072,s5_notify_warehouse,5,Slack,send_message,success,282,,
run_wf_shopify_orders_20260215T050840Z_0072,s6_update_crm,6,Salesforce,update_record,success,146,,
run_wf_shopify_orders_20260215T050840Z_0072,s7_log,7,Google Sheets,add_row,success,581,,
run_wf_shopify_orders_20260215T050848Z_0164,s1_get_order,1,Shopify,get_order,success,510,,
run_wf_shopify_orders_20260215T050848Z_0164,s2_validate,2,Code,run_python,success,660,,
run_wf_shopify_orders_20260215T050848Z_0164,s3_create_invoice,3,QuickBooks,create_invoice,success,192,,
run_wf_shopify_orders_20260215T050848Z_0164,s4_update_inventory,4,Shopify,update_product,success,319,,
run_wf_shopify_orders_20260215T050848Z_0164,s5_notify_warehouse,5,Slack,send_message,success,196,,
run_wf_shopify_orders_20260215T050848Z_0164,s6_update_crm,6,Salesforce,update_record,success,59,,
run_wf_shopify_orders_20260215T050848Z_0164,s7_log,7,Google Sheets,add_row,success,436,,
run_wf_shopify_orders_20260215T062808Z_0028,s1_get_order,1,Shopify,get_order,success,502,,
run_wf_shopify_orders_20260215T062808Z_0028,s2_validate,2,Code,run_python,success,371,,
run_wf_shopify_orders_20260215T062808Z_0028,s3_create_invoice,3,QuickBooks,create_invoice,success,574,,
run_wf_shopify_orders_20260215T062808Z_0028,s4_update_inventory,4,Shopify,update_product,success,298,,
run_wf_shopify_orders_20260215T062808Z_0028,s5_notify_warehouse,5,Slack,send_message,success,230,,
run_wf_shopify_orders_20260215T062808Z_0028,s6_update_crm,6,Salesforce,update_record,success,75,,
run_wf_shopify_orders_20260215T062808Z_0028,s7_log,7,Google Sheets,add_row,success,311,,
run_wf_shopify_orders_20260215T063112Z_0017,s1_get_order,1,Shopify,get_order,success,902,,
run_wf_shopify_orders_20260215T063112Z_0017,s2_validate,2,Code,run_python,success,678,,
run_wf_shopify_orders_20260215T063112Z_0017,s3_create_invoice,3,QuickBooks,create_invoice,success,208,,
run_wf_shopify_orders_20260215T063112Z_0017,s4_update_inventory,4,Shopify,update_product,success,246,,
run_wf_shopify_orders_20260215T063112Z_0017,s5_notify_warehouse,5,Slack,send_message,success,188,,
run_wf_shopify_orders_20260215T063112Z_0017,s6_update_crm,6,Salesforce,update_record,success,276,,
run_wf_shopify_orders_20260215T063112Z_0017,s7_log,7,Google Sheets,add_row,success,792,,
run_wf_shopify_orders_20260215T070034Z_0014,s1_get_order,1,Shopify,get_order,success,423,,
run_wf_shopify_orders_20260215T070034Z_0014,s2_validate,2,Code,run_python,success,1129,,
run_wf_shopify_orders_20260215T070034Z_0014,s3_create_invoice,3,QuickBooks,create_invoice,success,198,,
run_wf_shopify_orders_20260215T070034Z_0014,s4_update_inventory,4,Shopify,update_product,success,229,,
run_wf_shopify_orders_20260215T070034Z_0014,s5_notify_warehouse,5,Slack,send_message,success,427,,
run_wf_shopify_orders_20260215T070034Z_0014,s6_update_crm,6,Salesforce,update_record,success,168,,
run_wf_shopify_orders_20260215T070034Z_0014,s7_log,7,Google Sheets,add_row,success,940,,
run_wf_lead_sync_20260215T071141Z_0042,s1_get_contact,1,HubSpot,get_contact,success,765,,
run_wf_lead_sync_20260215T071141Z_0042,s2_transform,2,Code,run_python,success,342,,
run_wf_lead_sync_20260215T071141Z_0042,s3_push_to_sf,3,Salesforce,create_lead,success,129,,
run_wf_lead_sync_20260215T071141Z_0042,s4_notify,4,Slack,send_message,success,1057,,
run_wf_support_router_20260215T093611Z_0004,s1_receive_ticket,1,Zendesk,get_ticket,success,535,,
run_wf_support_router_20260215T093611Z_0004,s2_classify,2,Code,run_python,success,363,,
run_wf_support_router_20260215T093611Z_0004,s3_route_slack,3,Slack,send_message,success,160,,
run_wf_support_router_20260215T093611Z_0004,s4_create_task,4,Asana,create_task,success,119,,
run_wf_support_router_20260215T093611Z_0004,s5_log_sheet,5,Google Sheets,add_row,success,383,,
run_wf_support_router_20260215T101351Z_0002,s1_receive_ticket,1,Zendesk,get_ticket,success,137,,
run_wf_support_router_20260215T101351Z_0002,s2_classify,2,Code,run_python,success,316,,
run_wf_support_router_20260215T101351Z_0002,s3_route_slack,3,Slack,send_message,success,94,,
run_wf_support_router_20260215T101351Z_0002,s4_create_task,4,Asana,create_task,success,75,,
run_wf_support_router_20260215T101351Z_0002,s5_log_sheet,5,Google Sheets,add_row,success,549,,
run_wf_shopify_orders_20260215T111119Z_0158,s1_get_order,1,Shopify,get_order,success,549,,
run_wf_shopify_orders_20260215T111119Z_0158,s2_validate,2,Code,run_python,success,988,,
run_wf_shopify_orders_20260215T111119Z_0158,s3_create_invoice,3,QuickBooks,create_invoice,success,240,,
run_wf_shopify_orders_20260215T111119Z_0158,s4_update_inventory,4,Shopify,update_product,success,313,,
run_wf_shopify_orders_20260215T111119Z_0158,s5_notify_warehouse,5,Slack,send_message,success,441,,
run_wf_shopify_orders_20260215T111119Z_0158,s6_update_crm,6,Salesforce,update_record,success,118,,
run_wf_shopify_orders_20260215T111119Z_0158,s7_log,7,Google Sheets,add_row,success,669,,
run_wf_shopify_orders_20260215T113517Z_0113,s1_get_order,1,Shopify,get_order,success,474,,
run_wf_shopify_orders_20260215T113517Z_0113,s2_validate,2,Code,run_python,success,240,,
run_wf_shopify_orders_20260215T113517Z_0113,s3_create_invoice,3,QuickBooks,create_invoice,success,182,,
run_wf_shopify_orders_20260215T113517Z_0113,s4_update_inventory,4,Shopify,update_product,success,564,,
run_wf_shopify_orders_20260215T113517Z_0113,s5_notify_warehouse,5,Slack,send_message,success,304,,
run_wf_shopify_orders_20260215T113517Z_0113,s6_update_crm,6,Salesforce,update_record,success,136,,
run_wf_shopify_orders_20260215T113517Z_0113,s7_log,7,Google Sheets,add_row,success,436,,
run_wf_invoice_sync_20260215T115745Z_0031,s1_get_invoice,1,Stripe,get_invoice,success,238,,
run_wf_invoice_sync_20260215T115745Z_0031,s2_create_entry,2,QuickBooks,create_invoice,success,374,,
run_wf_invoice_sync_20260215T115745Z_0031,s3_notify,3,Slack,send_message,failed,892,INTERNAL,Transient internal error
run_wf_shopify_orders_20260215T123919Z_0197,s1_get_order,1,Shopify,get_order,success,412,,
run_wf_shopify_orders_20260215T123919Z_0197,s2_validate,2,Code,run_python,success,187,,
run_wf_shopify_orders_20260215T123919Z_0197,s3_create_invoice,3,QuickBooks,create_invoice,success,277,,
run_wf_shopify_orders_20260215T123919Z_0197,s4_update_inventory,4,Shopify,update_product,success,93,,
run_wf_shopify_orders_20260215T123919Z_0197,s5_notify_warehouse,5,Slack,send_message,success,243,,
run_wf_shopify_orders_20260215T123919Z_0197,s6_update_crm,6,Salesforce,update_record,success,106,,
run_wf_shopify_orders_20260215T123919Z_0197,s7_log,7,Google Sheets,add_row,success,404,,
run_wf_shopify_orders_20260215T130308Z_0053,s1_get_order,1,Shopify,get_order,failed,578,UNKNOWN,Transient unknown error
run_wf_shopify_orders_20260215T130308Z_0053,s2_validate,2,Code,run_python,skipped,0,,
run_wf_shopify_orders_20260215T130308Z_0053,s3_create_invoice,3,QuickBooks,create_invoice,skipped,0,,
run_wf_shopify_orders_20260215T130308Z_0053,s4_update_inventory,4,Shopify,update_product,skipped,0,,
run_wf_shopify_orders_20260215T130308Z_0053,s5_notify_warehouse,5,Slack,send_message,skipped,0,,
run_wf_shopify_orders_20260215T130308Z_0053,s6_update_crm,6,Salesforce,update_record,skipped,0,,
run_wf_shopify_orders_20260215T130308Z_0053,s7_log,7,Google Sheets,add_row,skipped,0,,
run_wf_shopify_orders_20260215T132548Z_0075,s1_get_order,1,Shopify,get_order,success,1533,,
run_wf_shopify_orders_20260215T132548Z_0075,s2_validate,2,Code,run_python,success,767,,
run_wf_shopify_orders_20260215T132548Z_0075,s3_create_invoice,3,QuickBooks,create_invoice,success,436,,
run_wf_shopify_orders_20260215T132548Z_0075,s4_update_inventory,4,Shopify,update_product,success,218,,
run_wf_shopify_orders_20260215T132548Z_0075,s5_notify_warehouse,5,Slack,send_message,success,241,,
run_wf_shopify_orders_20260215T132548Z_0075,s6_update_crm,6,Salesforce,update_record,success,418,,
run_wf_shopify_orders_20260215T132548Z_0075,s7_log,7,Google Sheets,add_row,success,733,,
run_wf_lead_sync_20260215T132622Z_0027,s1_get_contact,1,HubSpot,get_contact,failed,353,UNKNOWN,Transient unknown error
run_wf_lead_sync_20260215T132622Z_0027,s2_transform,2,Code,run_python,skipped,0,,
run_wf_lead_sync_20260215T132622Z_0027,s3_push_to_sf,3,Salesforce,create_lead,skipped,0,,
run_wf_lead_sync_20260215T132622Z_0027,s4_notify,4,Slack,send_message,skipped,0,,
run_wf_lead_sync_20260215T133731Z_0060,s1_get_contact,1,HubSpot,get_contact,success,422,,
run_wf_lead_sync_20260215T133731Z_0060,s2_transform,2,Code,run_python,success,242,,
run_wf_lead_sync_20260215T133731Z_0060,s3_push_to_sf,3,Salesforce,create_lead,success,455,,
run_wf_lead_sync_20260215T133731Z_0060,s4_notify,4,Slack,send_message,success,811,,
run_wf_shopify_orders_20260215T143155Z_0190,s1_get_order,1,Shopify,get_order,success,779,,
run_wf_shopify_orders_20260215T143155Z_0190,s2_validate,2,Code,run_python,success,255,,
run_wf_shopify_orders_20260215T143155Z_0190,s3_create_invoice,3,QuickBooks,create_invoice,success,500,,
run_wf_shopify_orders_20260215T143155Z_0190,s4_update_inventory,4,Shopify,update_product,success,297,,
run_wf_shopify_orders_20260215T143155Z_0190,s5_notify_warehouse,5,Slack,send_message,success,98,,
run_wf_shopify_orders_20260215T143155Z_0190,s6_update_crm,6,Salesforce,update_record,success,68,,
run_wf_shopify_orders_20260215T143155Z_0190,s7_log,7,Google Sheets,add_row,success,306,,
run_wf_shopify_orders_20260215T144732Z_0134,s1_get_order,1,Shopify,get_order,success,946,,
run_wf_shopify_orders_20260215T144732Z_0134,s2_validate,2,Code,run_python,success,341,,
run_wf_shopify_orders_20260215T144732Z_0134,s3_create_invoice,3,QuickBooks,create_invoice,success,323,,
run_wf_shopify_orders_20260215T144732Z_0134,s4_update_inventory,4,Shopify,update_product,success,415,,
run_wf_shopify_orders_20260215T144732Z_0134,s5_notify_warehouse,5,Slack,send_message,success,319,,
run_wf_shopify_orders_20260215T144732Z_0134,s6_update_crm,6,Salesforce,update_record,success,155,,
run_wf_shopify_orders_20260215T144732Z_0134,s7_log,7,Google Sheets,add_row,success,1061,,
run_wf_shopify_returns_20260215T160641Z_0021,s1_get_refund,1,Shopify,get_refund,success,376,,
run_wf_shopify_returns_20260215T160641Z_0021,s2_process,2,Code,run_python,success,192,,
run_wf_shopify_returns_20260215T160641Z_0021,s3_update_inventory,3,Shopify,update_product,success,366,,
run_wf_shopify_returns_20260215T160641Z_0021,s4_notify,4,Slack,send_message,success,1358,,
run_wf_lead_sync_20260215T163356Z_0043,s1_get_contact,1,HubSpot,get_contact,success,441,,
run_wf_lead_sync_20260215T163356Z_0043,s2_transform,2,Code,run_python,success,408,,
run_wf_lead_sync_20260215T163356Z_0043,s3_push_to_sf,3,Salesforce,create_lead,success,243,,
run_wf_lead_sync_20260215T163356Z_0043,s4_notify,4,Slack,send_message,success,497,,
run_wf_invoice_sync_20260215T163406Z_0027,s1_get_invoice,1,Stripe,get_invoice,success,468,,
run_wf_invoice_sync_20260215T163406Z_0027,s2_create_entry,2,QuickBooks,create_invoice,success,99,,
run_wf_invoice_sync_20260215T163406Z_0027,s3_notify,3,Slack,send_message,success,632,,
run_wf_shopify_returns_20260215T182458Z_0025,s1_get_refund,1,Shopify,get_refund,success,385,,
run_wf_shopify_returns_20260215T182458Z_0025,s2_process,2,Code,run_python,success,270,,
run_wf_shopify_returns_20260215T182458Z_0025,s3_update_inventory,3,Shopify,update_product,success,171,,
run_wf_shopify_returns_20260215T182458Z_0025,s4_notify,4,Slack,send_message,success,264,,
run_wf_lead_sync_20260215T182729Z_0035,s1_get_contact,1,HubSpot,get_contact,success,281,,
run_wf_lead_sync_20260215T182729Z_0035,s2_transform,2,Code,run_python,success,465,,
run_wf_lead_sync_20260215T182729Z_0035,s3_push_to_sf,3,Salesforce,create_lead,success,186,,
run_wf_lead_sync_20260215T182729Z_0035,s4_notify,4,Slack,send_message,success,739,,
run_wf_shopify_orders_20260215T193313Z_0063,s1_get_order,1,Shopify,get_order,success,640,,
run_wf_shopify_orders_20260215T193313Z_0063,s2_validate,2,Code,run_python,success,584,,
run_wf_shopify_orders_20260215T193313Z_0063,s3_create_invoice,3,QuickBooks,create_invoice,success,393,,
run_wf_shopify_orders_20260215T193313Z_0063,s4_update_inventory,4,Shopify,update_product,success,190,,
run_wf_shopify_orders_20260215T193313Z_0063,s5_notify_warehouse,5,Slack,send_message,success,85,,
run_wf_shopify_orders_20260215T193313Z_0063,s6_update_crm,6,Salesforce,update_record,success,79,,
run_wf_shopify_orders_20260215T193313Z_0063,s7_log,7,Google Sheets,add_row,success,251,,
run_wf_shopify_orders_20260215T195609Z_0119,s1_get_order,1,Shopify,get_order,success,762,,
run_wf_shopify_orders_20260215T195609Z_0119,s2_validate,2,Code,run_python,success,797,,
run_wf_shopify_orders_20260215T195609Z_0119,s3_create_invoice,3,QuickBooks,create_invoice,failed,353,TIMEOUT,Transient timeout error
run_wf_shopify_orders_20260215T195609Z_0119,s4_update_inventory,4,Shopify,update_product,skipped,0,,
run_wf_shopify_orders_20260215T195609Z_0119,s5_notify_warehouse,5,Slack,send_message,skipped,0,,
run_wf_shopify_orders_20260215T195609Z_0119,s6_update_crm,6,Salesforce,update_record,skipped,0,,
run_wf_shopify_orders_20260215T195609Z_0119,s7_log,7,Google Sheets,add_row,skipped,0,,
run_wf_shopify_returns_20260215T202536Z_0026,s1_get_refund,1,Shopify,get_refund,success,897,,
run_wf_shopify_returns_20260215T202536Z_0026,s2_process,2,Code,run_python,success,374,,
run_wf_shopify_returns_20260215T202536Z_0026,s3_update_inventory,3,Shopify,update_product,success,298,,
run_wf_shopify_returns_20260215T202536Z_0026,s4_notify,4,Slack,send_message,success,989,,
run_wf_lead_sync_20260215T212104Z_0026,s1_get_contact,1,HubSpot,get_contact,success,554,,
run_wf_lead_sync_20260215T212104Z_0026,s2_transform,2,Code,run_python,failed,273,TIMEOUT,Transient timeout error
run_wf_lead_sync_20260215T212104Z_0026,s3_push_to_sf,3,Salesforce,create_lead,skipped,0,,
run_wf_lead_sync_20260215T212104Z_0026,s4_notify,4,Slack,send_message,skipped,0,,
run_wf_slack_digest_20260215T213322Z_0000,s1_fetch_data,1,Google Sheets,get_rows,success,253,,
run_wf_slack_digest_20260215T213322Z_0000,s2_format,2,Code,run_python,success,128,,
run_wf_slack_digest_20260215T213322Z_0000,s3_post,3,Slack,send_message,success,549,,
run_wf_shopify_returns_20260215T224631Z_0004,s1_get_refund,1,Shopify,get_refund,success,1133,,
run_wf_shopify_returns_20260215T224631Z_0004,s2_process,2,Code,run_python,success,207,,
run_wf_shopify_returns_20260215T224631Z_0004,s3_update_inventory,3,Shopify,update_product,success,643,,
run_wf_shopify_returns_20260215T224631Z_0004,s4_notify,4,Slack,send_message,failed,1072,TIMEOUT,Transient timeout error
run_wf_shopify_orders_20260215T232336Z_0186,s1_get_order,1,Shopify,get_order,failed,1054,UNKNOWN,Transient unknown error
run_wf_shopify_orders_20260215T232336Z_0186,s2_validate,2,Code,run_python,skipped,0,,
run_wf_shopify_orders_20260215T232336Z_0186,s3_create_invoice,3,QuickBooks,create_invoice,skipped,0,,
run_wf_shopify_orders_20260215T232336Z_0186,s4_update_inventory,4,Shopify,update_product,skipped,0,,
run_wf_shopify_orders_20260215T232336Z_0186,s5_notify_warehouse,5,Slack,send_message,skipped,0,,
run_wf_shopify_orders_20260215T232336Z_0186,s6_update_crm,6,Salesforce,update_record,skipped,0,,
run_wf_shopify_orders_20260215T232336Z_0186,s7_log,7,Google Sheets,add_row,skipped,0,,
run_wf_shopify_orders_20260216T002455Z_0187,s1_get_order,1,Shopify,get_order,success,908,,
run_wf_shopify_orders_20260216T002455Z_0187,s2_validate,2,Code,run_python,success,879,,
run_wf_shopify_orders_20260216T002455Z_0187,s3_create_invoice,3,QuickBooks,create_invoice,success,388,,
run_wf_shopify_orders_20260216T002455Z_0187,s4_update_inventory,4,Shopify,update_product,success,154,,
run_wf_shopify_orders_20260216T002455Z_0187,s5_notify_warehouse,5,Slack,send_message,success,141,,
run_wf_shopify_orders_20260216T002455Z_0187,s6_update_crm,6,Salesforce,update_record,success,171,,
run_wf_shopify_orders_20260216T002455Z_0187,s7_log,7,Google Sheets,add_row,success,674,,
run_wf_shopify_orders_20260216T005447Z_0145,s1_get_order,1,Shopify,get_order,success,512,,
run_wf_shopify_orders_20260216T005447Z_0145,s2_validate,2,Code,run_python,success,1049,,
run_wf_shopify_orders_20260216T005447Z_0145,s3_create_invoice,3,QuickBooks,create_invoice,success,624,,
run_wf_shopify_orders_20260216T005447Z_0145,s4_update_inventory,4,Shopify,update_product,success,290,,
run_wf_shopify_orders_20260216T005447Z_0145,s5_notify_warehouse,5,Slack,send_message,success,181,,
run_wf_shopify_orders_20260216T005447Z_0145,s6_update_crm,6,Salesforce,update_record,success,222,,
run_wf_shopify_orders_20260216T005447Z_0145,s7_log,7,Google Sheets,add_row,success,413,,
run_wf_shopify_orders_20260216T014743Z_0015,s1_get_order,1,Shopify,get_order,success,873,,
run_wf_shopify_orders_20260216T014743Z_0015,s2_validate,2,Code,run_python,success,484,,
run_wf_shopify_orders_20260216T014743Z_0015,s3_create_invoice,3,QuickBooks,create_invoice,success,254,,
run_wf_shopify_orders_20260216T014743Z_0015,s4_update_inventory,4,Shopify,update_product,success,658,,
run_wf_shopify_orders_20260216T014743Z_0015,s5_notify_warehouse,5,Slack,send_message,success,255,,
run_wf_shopify_orders_20260216T014743Z_0015,s6_update_crm,6,Salesforce,update_record,success,147,,
run_wf_shopify_orders_20260216T014743Z_0015,s7_log,7,Google Sheets,add_row,success,1126,,
run_wf_shopify_orders_20260216T015727Z_0050,s1_get_order,1,Shopify,get_order,success,581,,
run_wf_shopify_orders_20260216T015727Z_0050,s2_validate,2,Code,run_python,success,358,,
run_wf_shopify_orders_20260216T015727Z_0050,s3_create_invoice,3,QuickBooks,create_invoice,success,208,,
run_wf_shopify_orders_20260216T015727Z_0050,s4_update_inventory,4,Shopify,update_product,success,146,,
run_wf_shopify_orders_20260216T015727Z_0050,s5_notify_warehouse,5,Slack,send_message,success,73,,
run_wf_shopify_orders_20260216T015727Z_0050,s6_update_crm,6,Salesforce,update_record,success,136,,
run_wf_shopify_orders_20260216T015727Z_0050,s7_log,7,Google Sheets,add_row,success,309,,
run_wf_shopify_orders_20260216T021020Z_0120,s1_get_order,1,Shopify,get_order,success,391,,
run_wf_shopify_orders_20260216T021020Z_0120,s2_validate,2,Code,run_python,success,835,,
run_wf_shopify_orders_20260216T021020Z_0120,s3_create_invoice,3,QuickBooks,create_invoice,success,332,,
run_wf_shopify_orders_20260216T021020Z_0120,s4_update_inventory,4,Shopify,update_product,success,526,,
run_wf_shopify_orders_20260216T021020Z_0120,s5_notify_warehouse,5,Slack,send_message,success,474,,
run_wf_shopify_orders_20260216T021020Z_0120,s6_update_crm,6,Salesforce,update_record,success,478,,
run_wf_shopify_orders_20260216T021020Z_0120,s7_log,7,Google Sheets,add_row,success,738,,
run_wf_shopify_orders_20260216T045359Z_0118,s1_get_order,1,Shopify,get_order,success,1318,,
run_wf_shopify_orders_20260216T045359Z_0118,s2_validate,2,Code,run_python,success,881,,
run_wf_shopify_orders_20260216T045359Z_0118,s3_create_invoice,3,QuickBooks,create_invoice,success,266,,
run_wf_shopify_orders_20260216T045359Z_0118,s4_update_inventory,4,Shopify,update_product,success,566,,
run_wf_shopify_orders_20260216T045359Z_0118,s5_notify_warehouse,5,Slack,send_message,success,148,,
run_wf_shopify_orders_20260216T045359Z_0118,s6_update_crm,6,Salesforce,update_record,success,261,,
run_wf_shopify_orders_20260216T045359Z_0118,s7_log,7,Google Sheets,add_row,success,913,,
run_wf_invoice_sync_20260216T053732Z_0007,s1_get_invoice,1,Stripe,get_invoice,success,317,,
run_wf_invoice_sync_20260216T053732Z_0007,s2_create_entry,2,QuickBooks,create_invoice,success,264,,
run_wf_invoice_sync_20260216T053732Z_0007,s3_notify,3,Slack,send_message,success,772,,
run_wf_shopify_orders_20260216T062237Z_0142,s1_get_order,1,Shopify,get_order,success,1205,,
run_wf_shopify_orders_20260216T062237Z_0142,s2_validate,2,Code,run_python,success,429,,
run_wf_shopify_orders_20260216T062237Z_0142,s3_create_invoice,3,QuickBooks,create_invoice,success,399,,
run_wf_shopify_orders_20260216T062237Z_0142,s4_update_inventory,4,Shopify,update_product,success,627,,
run_wf_shopify_orders_20260216T062237Z_0142,s5_notify_warehouse,5,Slack,send_message,success,303,,
run_wf_shopify_orders_20260216T062237Z_0142,s6_update_crm,6,Salesforce,update_record,success,318,,
run_wf_shopify_orders_20260216T062237Z_0142,s7_log,7,Google Sheets,add_row,success,683,,
run_wf_lead_sync_20260216T063904Z_0062,s1_get_contact,1,HubSpot,get_contact,success,357,,
run_wf_lead_sync_20260216T063904Z_0062,s2_transform,2,Code,run_python,success,221,,
run_wf_lead_sync_20260216T063904Z_0062,s3_push_to_sf,3,Salesforce,create_lead,success,630,,
run_wf_lead_sync_20260216T063904Z_0062,s4_notify,4,Slack,send_message,success,952,,
run_wf_lead_sync_20260216T082622Z_0082,s1_get_contact,1,HubSpot,get_contact,success,346,,
run_wf_lead_sync_20260216T082622Z_0082,s2_transform,2,Code,run_python,success,284,,
run_wf_lead_sync_20260216T082622Z_0082,s3_push_to_sf,3,Salesforce,create_lead,success,250,,
run_wf_lead_sync_20260216T082622Z_0082,s4_notify,4,Slack,send_message,success,433,,
run_wf_shopify_orders_20260216T084820Z_0200,s1_get_order,1,Shopify,get_order,success,732,,
run_wf_shopify_orders_20260216T084820Z_0200,s2_validate,2,Code,run_python,success,941,,
run_wf_shopify_orders_20260216T084820Z_0200,s3_create_invoice,3,QuickBooks,create_invoice,success,531,,
run_wf_shopify_orders_20260216T084820Z_0200,s4_update_inventory,4,Shopify,update_product,success,533,,
run_wf_shopify_orders_20260216T084820Z_0200,s5_notify_warehouse,5,Slack,send_message,success,415,,
run_wf_shopify_orders_20260216T084820Z_0200,s6_update_crm,6,Salesforce,update_record,success,158,,
run_wf_shopify_orders_20260216T084820Z_0200,s7_log,7,Google Sheets,add_row,success,558,,
run_wf_lead_sync_20260216T085059Z_0039,s1_get_contact,1,HubSpot,get_contact,success,537,,
run_wf_lead_sync_20260216T085059Z_0039,s2_transform,2,Code,run_python,success,175,,
run_wf_lead_sync_20260216T085059Z_0039,s3_push_to_sf,3,Salesforce,create_lead,success,414,,
run_wf_lead_sync_20260216T085059Z_0039,s4_notify,4,Slack,send_message,success,951,,
run_wf_shopify_orders_20260216T093623Z_0104,s1_get_order,1,Shopify,get_order,success,1223,,
run_wf_shopify_orders_20260216T093623Z_0104,s2_validate,2,Code,run_python,success,522,,
run_wf_shopify_orders_20260216T093623Z_0104,s3_create_invoice,3,QuickBooks,create_invoice,success,241,,
run_wf_shopify_orders_20260216T093623Z_0104,s4_update_inventory,4,Shopify,update_product,success,417,,
run_wf_shopify_orders_20260216T093623Z_0104,s5_notify_warehouse,5,Slack,send_message,success,280,,
run_wf_shopify_orders_20260216T093623Z_0104,s6_update_crm,6,Salesforce,update_record,success,64,,
run_wf_shopify_orders_20260216T093623Z_0104,s7_log,7,Google Sheets,add_row,success,457,,
run_wf_invoice_sync_20260216T104930Z_0022,s1_get_invoice,1,Stripe,get_invoice,success,298,,
run_wf_invoice_sync_20260216T104930Z_0022,s2_create_entry,2,QuickBooks,create_invoice,success,348,,
run_wf_invoice_sync_20260216T104930Z_0022,s3_notify,3,Slack,send_message,success,832,,
run_wf_shopify_orders_20260216T105259Z_0025,s1_get_order,1,Shopify,get_order,success,1362,,
run_wf_shopify_orders_20260216T105259Z_0025,s2_validate,2,Code,run_python,success,598,,
run_wf_shopify_orders_20260216T105259Z_0025,s3_create_invoice,3,QuickBooks,create_invoice,success,555,,
run_wf_shopify_orders_20260216T105259Z_0025,s4_update_inventory,4,Shopify,update_product,success,214,,
run_wf_shopify_orders_20260216T105259Z_0025,s5_notify_warehouse,5,Slack,send_message,success,127,,
run_wf_shopify_orders_20260216T105259Z_0025,s6_update_crm,6,Salesforce,update_record,success,103,,
run_wf_shopify_orders_20260216T105259Z_0025,s7_log,7,Google Sheets,add_row,success,728,,
run_wf_shopify_orders_20260216T122408Z_0210,s1_get_order,1,Shopify,get_order,success,535,,
run_wf_shopify_orders_20260216T122408Z_0210,s2_validate,2,Code,run_python,success,476,,
run_wf_shopify_orders_20260216T122408Z_0210,s3_create_invoice,3,QuickBooks,create_invoice,success,614,,
run_wf_shopify_orders_20260216T122408Z_0210,s4_update_inventory,4,Shopify,update_product,success,419,,
run_wf_shopify_orders_20260216T122408Z_0210,s5_notify_warehouse,5,Slack,send_message,success,433,,
run_wf_shopify_orders_20260216T122408Z_0210,s6_update_crm,6,Salesforce,update_record,success,179,,
run_wf_shopify_orders_20260216T122408Z_0210,s7_log,7,Google Sheets,add_row,success,854,,
run_wf_shopify_orders_20260216T122446Z_0144,s1_get_order,1,Shopify,get_order,success,807,,
run_wf_shopify_orders_20260216T122446Z_0144,s2_validate,2,Code,run_python,success,1261,,
run_wf_shopify_orders_20260216T122446Z_0144,s3_create_invoice,3,QuickBooks,create_invoice,success,510,,
run_wf_shopify_orders_20260216T122446Z_0144,s4_update_inventory,4,Shopify,update_product,success,410,,
run_wf_shopify_orders_20260216T122446Z_0144,s5_notify_warehouse,5,Slack,send_message,failed,263,UNKNOWN,Transient unknown error
run_wf_shopify_orders_20260216T122446Z_0144,s6_update_crm,6,Salesforce,update_record,skipped,0,,
run_wf_shopify_orders_20260216T122446Z_0144,s7_log,7,Google Sheets,add_row,skipped,0,,
run_wf_shopify_returns_20260216T122953Z_0005,s1_get_refund,1,Shopify,get_refund,success,362,,
run_wf_shopify_returns_20260216T122953Z_0005,s2_process,2,Code,run_python,success,779,,
run_wf_shopify_returns_20260216T122953Z_0005,s3_update_inventory,3,Shopify,update_product,success,399,,
run_wf_shopify_returns_20260216T122953Z_0005,s4_notify,4,Slack,send_message,success,907,,
run_wf_shopify_orders_20260216T124658Z_0182,s1_get_order,1,Shopify,get_order,success,779,,
run_wf_shopify_orders_20260216T124658Z_0182,s2_validate,2,Code,run_python,success,459,,
run_wf_shopify_orders_20260216T124658Z_0182,s3_create_invoice,3,QuickBooks,create_invoice,success,413,,
run_wf_shopify_orders_20260216T124658Z_0182,s4_update_inventory,4,Shopify,update_product,success,177,,
run_wf_shopify_orders_20260216T124658Z_0182,s5_notify_warehouse,5,Slack,send_message,success,251,,
run_wf_shopify_orders_20260216T124658Z_0182,s6_update_crm,6,Salesforce,update_record,success,128,,
run_wf_shopify_orders_20260216T124658Z_0182,s7_log,7,Google Sheets,add_row,success,614,,
run_wf_lead_sync_20260216T134950Z_0054,s1_get_contact,1,HubSpot,get_contact,success,312,,
run_wf_lead_sync_20260216T134950Z_0054,s2_transform,2,Code,run_python,failed,300,INTERNAL,Transient internal error
run_wf_lead_sync_20260216T134950Z_0054,s3_push_to_sf,3,Salesforce,create_lead,skipped,0,,
run_wf_lead_sync_20260216T134950Z_0054,s4_notify,4,Slack,send_message,skipped,0,,
run_wf_shopify_orders_20260216T144008Z_0023,s1_get_order,1,Shopify,get_order,success,485,,
run_wf_shopify_orders_20260216T144008Z_0023,s2_validate,2,Code,run_python,success,1054,,
run_wf_shopify_orders_20260216T144008Z_0023,s3_create_invoice,3,QuickBooks,create_invoice,success,287,,
run_wf_shopify_orders_20260216T144008Z_0023,s4_update_inventory,4,Shopify,update_product,success,297,,
run_wf_shopify_orders_20260216T144008Z_0023,s5_notify_warehouse,5,Slack,send_message,success,641,,
run_wf_shopify_orders_20260216T144008Z_0023,s6_update_crm,6,Salesforce,update_record,success,111,,
run_wf_shopify_orders_20260216T144008Z_0023,s7_log,7,Google Sheets,add_row,success,999,,
run_wf_shopify_orders_20260216T145508Z_0190,s1_get_order,1,Shopify,get_order,success,982,,
run_wf_shopify_orders_20260216T145508Z_0190,s2_validate,2,Code,run_python,success,875,,
run_wf_shopify_orders_20260216T145508Z_0190,s3_create_invoice,3,QuickBooks,create_invoice,success,249,,
run_wf_shopify_orders_20260216T145508Z_0190,s4_update_inventory,4,Shopify,update_product,success,410,,
run_wf_shopify_orders_20260216T145508Z_0190,s5_notify_warehouse,5,Slack,send_message,success,219,,
run_wf_shopify_orders_20260216T145508Z_0190,s6_update_crm,6,Salesforce,update_record,success,183,,
run_wf_shopify_orders_20260216T145508Z_0190,s7_log,7,Google Sheets,add_row,success,739,,
run_wf_invoice_sync_20260216T155344Z_0029,s1_get_invoice,1,Stripe,get_invoice,success,548,,
run_wf_invoice_sync_20260216T155344Z_0029,s2_create_entry,2,QuickBooks,create_invoice,success,619,,
run_wf_invoice_sync_20260216T155344Z_0029,s3_notify,3,Slack,send_message,success,1273,,
run_wf_shopify_orders_20260216T161113Z_0070,s1_get_order,1,Shopify,get_order,success,683,,
run_wf_shopify_orders_20260216T161113Z_0070,s2_validate,2,Code,run_python,success,631,,
run_wf_shopify_orders_20260216T161113Z_0070,s3_create_invoice,3,QuickBooks,create_invoice,success,241,,
run_wf_shopify_orders_20260216T161113Z_0070,s4_update_inventory,4,Shopify,update_product,success,388,,
run_wf_shopify_orders_20260216T161113Z_0070,s5_notify_warehouse,5,Slack,send_message,success,356,,
run_wf_shopify_orders_20260216T161113Z_0070,s6_update_crm,6,Salesforce,update_record,success,290,,
run_wf_shopify_orders_20260216T161113Z_0070,s7_log,7,Google Sheets,add_row,success,700,,
run_wf_shopify_returns_20260216T164121Z_0022,s1_get_refund,1,Shopify,get_refund,success,1035,,
run_wf_shopify_returns_20260216T164121Z_0022,s2_process,2,Code,run_python,success,337,,
run_wf_shopify_returns_20260216T164121Z_0022,s3_update_inventory,3,Shopify,update_product,success,252,,
run_wf_shopify_returns_20260216T164121Z_0022,s4_notify,4,Slack,send_message,failed,1266,UNKNOWN,Transient unknown error
run_wf_lead_sync_20260216T164324Z_0057,s1_get_contact,1,HubSpot,get_contact,success,362,,
run_wf_lead_sync_20260216T164324Z_0057,s2_transform,2,Code,run_python,failed,273,TIMEOUT,Transient timeout error
run_wf_lead_sync_20260216T164324Z_0057,s3_push_to_sf,3,Salesforce,create_lead,skipped,0,,
run_wf_lead_sync_20260216T164324Z_0057,s4_notify,4,Slack,send_message,skipped,0,,
run_wf_shopify_orders_20260216T175651Z_0158,s1_get_order,1,Shopify,get_order,success,585,,
run_wf_shopify_orders_20260216T175651Z_0158,s2_validate,2,Code,run_python,success,651,,
run_wf_shopify_orders_20260216T175651Z_0158,s3_create_invoice,3,QuickBooks,create_invoice,success,300,,
run_wf_shopify_orders_20260216T175651Z_0158,s4_update_inventory,4,Shopify,update_product,success,548,,
run_wf_shopify_orders_20260216T175651Z_0158,s5_notify_warehouse,5,Slack,send_message,success,750,,
run_wf_shopify_orders_20260216T175651Z_0158,s6_update_crm,6,Salesforce,update_record,success,341,,
run_wf_shopify_orders_20260216T175651Z_0158,s7_log,7,Google Sheets,add_row,success,1029,,
run_wf_shopify_orders_20260216T182638Z_0101,s1_get_order,1,Shopify,get_order,success,533,,
run_wf_shopify_orders_20260216T182638Z_0101,s2_validate,2,Code,run_python,success,822,,
run_wf_shopify_orders_20260216T182638Z_0101,s3_create_invoice,3,QuickBooks,create_invoice,success,289,,
run_wf_shopify_orders_20260216T182638Z_0101,s4_update_inventory,4,Shopify,update_product,success,221,,
run_wf_shopify_orders_20260216T182638Z_0101,s5_notify_warehouse,5,Slack,send_message,success,237,,
run_wf_shopify_orders_20260216T182638Z_0101,s6_update_crm,6,Salesforce,update_record,success,172,,
run_wf_shopify_orders_20260216T182638Z_0101,s7_log,7,Google Sheets,add_row,success,860,,
run_wf_shopify_orders_20260216T185634Z_0211,s1_get_order,1,Shopify,get_order,success,631,,
run_wf_shopify_orders_20260216T185634Z_0211,s2_validate,2,Code,run_python,success,568,,
run_wf_shopify_orders_20260216T185634Z_0211,s3_create_invoice,3,QuickBooks,create_invoice,success,761,,
run_wf_shopify_orders_20260216T185634Z_0211,s4_update_inventory,4,Shopify,update_product,success,436,,
run_wf_shopify_orders_20260216T185634Z_0211,s5_notify_warehouse,5,Slack,send_message,success,533,,
run_wf_shopify_orders_20260216T185634Z_0211,s6_update_crm,6,Salesforce,update_record,success,243,,
run_wf_shopify_orders_20260216T185634Z_0211,s7_log,7,Google Sheets,add_row,success,676,,
run_wf_lead_sync_20260216T190314Z_0052,s1_get_contact,1,HubSpot,get_contact,success,606,,
run_wf_lead_sync_20260216T190314Z_0052,s2_transform,2,Code,run_python,success,253,,
run_wf_lead_sync_20260216T190314Z_0052,s3_push_to_sf,3,Salesforce,create_lead,success,372,,
run_wf_lead_sync_20260216T190314Z_0052,s4_notify,4,Slack,send_message,success,669,,
run_wf_shopify_orders_20260216T190524Z_0012,s1_get_order,1,Shopify,get_order,success,746,,
run_wf_shopify_orders_20260216T190524Z_0012,s2_validate,2,Code,run_python,success,920,,
run_wf_shopify_orders_20260216T190524Z_0012,s3_create_invoice,3,QuickBooks,create_invoice,success,473,,
run_wf_shopify_orders_20260216T190524Z_0012,s4_update_inventory,4,Shopify,update_product,success,331,,
run_wf_shopify_orders_20260216T190524Z_0012,s5_notify_warehouse,5,Slack,send_message,success,323,,
run_wf_shopify_orders_20260216T190524Z_0012,s6_update_crm,6,Salesforce,update_record,success,54,,
run_wf_shopify_orders_20260216T190524Z_0012,s7_log,7,Google Sheets,add_row,success,485,,
run_wf_shopify_orders_20260216T201354Z_0209,s1_get_order,1,Shopify,get_order,success,1333,,
run_wf_shopify_orders_20260216T201354Z_0209,s2_validate,2,Code,run_python,success,510,,
run_wf_shopify_orders_20260216T201354Z_0209,s3_create_invoice,3,QuickBooks,create_invoice,success,421,,
run_wf_shopify_orders_20260216T201354Z_0209,s4_update_inventory,4,Shopify,update_product,success,288,,
run_wf_shopify_orders_20260216T201354Z_0209,s5_notify_warehouse,5,Slack,send_message,success,264,,
run_wf_shopify_orders_20260216T201354Z_0209,s6_update_crm,6,Salesforce,update_record,success,211,,
run_wf_shopify_orders_20260216T201354Z_0209,s7_log,7,Google Sheets,add_row,success,614,,
run_wf_shopify_orders_20260216T202018Z_0164,s1_get_order,1,Shopify,get_order,success,1277,,
run_wf_shopify_orders_20260216T202018Z_0164,s2_validate,2,Code,run_python,success,536,,
run_wf_shopify_orders_20260216T202018Z_0164,s3_create_invoice,3,QuickBooks,create_invoice,success,525,,
run_wf_shopify_orders_20260216T202018Z_0164,s4_update_inventory,4,Shopify,update_product,success,110,,
run_wf_shopify_orders_20260216T202018Z_0164,s5_notify_warehouse,5,Slack,send_message,success,199,,
run_wf_shopify_orders_20260216T202018Z_0164,s6_update_crm,6,Salesforce,update_record,success,92,,
run_wf_shopify_orders_20260216T202018Z_0164,s7_log,7,Google Sheets,add_row,success,695,,
run_wf_lead_sync_20260216T230701Z_0073,s1_get_contact,1,HubSpot,get_contact,success,257,,
run_wf_lead_sync_20260216T230701Z_0073,s2_transform,2,Code,run_python,success,150,,
run_wf_lead_sync_20260216T230701Z_0073,s3_push_to_sf,3,Salesforce,create_lead,success,199,,
run_wf_lead_sync_20260216T230701Z_0073,s4_notify,4,Slack,send_message,failed,1061,INTERNAL,Transient internal error
